NEAREST OBJECT: [2.372077747905659, 1.3348006617116945]
NEAREST OBJECT: [-0.7110821039944427, -0.6433529166176433]
NEAREST OBJECT: [-0.7073952646701166, -0.6441984925219387]
NEAREST OBJECT: [-0.7059061447969041, -0.6467862933881506]
NEAREST OBJECT: [-0.7064029272180682, -0.6462897427762605]
NEAREST OBJECT: [-0.7032408598243288, -0.6538239191459919]
NEAREST OBJECT: [-0.7042634859589584, -0.6556770192430071]
NEAREST OBJECT: [-0.7016558671972627, -0.6582924624334592]
NEAREST OBJECT: [-0.6612899705645364, -0.6891879062038243]
NEAREST OBJECT: [-0.6395691912985716, -0.6835313450806894]
NEAREST OBJECT: [-0.3966779776226077, -0.5907070131295852]
NEAREST OBJECT: [-0.176578659893994, -0.4919985653864721]
NEAREST OBJECT: [-0.12968257543996964, -0.4749592105476723]
NEAREST OBJECT: [0.10681388047950281, -0.4439764404640333]
NEAREST OBJECT: [0.25507107787344707, -0.28022161118704436]
NEAREST OBJECT: [0.24944401647362732, -0.06047150887396193]
NEAREST OBJECT: [0.3096069394290604, 0.1318365483476414]
NEAREST OBJECT: [0.39628609227956024, 0.41743154954096134]
NEAREST OBJECT: [0.33057741962288884, 0.8361055402538775]
NEAREST OBJECT: [0.33689919959612624, 1.14192098233088]
NEAREST OBJECT: [0.493764778371361, 1.4382028545451955]
NEAREST OBJECT: [0.6505735532993309, 1.65429016345796]
ERROR ADDED TO TRACK:[-1.6467354469444029, 1.1281468213885972]
LAST TRACKED POINT: [0.9392223297373062, 1.7175316646470502]
MEAN VALUES:
mean-0: [2.4389178976324413, 1.0272304793147016]
mean-1: [2.14142373633392, 2.1740232711839758]
mean-2: [1.213428668078907, 1.5962454398746935]
mean-3: [3.5377500215110014, 6.074778474739266]
mean-4: [3.8587099029903156, 8.135273814982272]
mean-5: [-1.6467354469444029, 1.1281468213885972]
mean-6: [-2.7699451862171367, -4.943790319360502]
mean-7: [-1.9347895575253622, -6.896829985163349]
mean-8: [-0.042401780026061514, -11.36573278562161]
mean-9: [1.9165500237752997, -7.810203001791676]
mean-10: [2.290509245002272, -2.860765234091479]
mean-11: [4.352297185989562, -2.775261780627476]
CLUSTERS-0:
[[1.58, 2.37], [2.67, 2.376], [3.75, 2.4], [4.83, 2.39], [5.91, 2.406], [7.0, 2.413], [8.08, 2.418], [9.16, 2.427], [10.23, 2.435], [11.33, 2.449], [12.41, 2.458], [13.48, 2.479], [14.56, 2.489], [15.66, 2.514], [16.73, 2.523], [17.81, 2.532], [18.89, 2.55], [19.98, 2.569], [21.06, 2.602], [22.16, 2.618], [23.23, 2.657], [24.33, 2.676], [25.41, 2.692], [26.5, 2.742], [27.58, 2.767], [28.55, 2.808], [29.75, 2.827], [30.84, 2.885], [31.92, 2.921], [32.89, 2.965], [33.97, 2.995], [35.06, 3.04], [36.14, 3.093], [37.23, 3.145], [38.31, 3.197], [39.41, 3.259], [40.48, 3.317], [41.58, 3.379]]
CLUSTERS-1:
[[42.66, 2.919], [43.75, 2.969], [44.83, 3.019], [45.92, 3.078], [47.0, 3.138], [48.09, 3.196]]
CLUSTERS-2:
[[49.42, 2.06], [50.52, 1.907], [51.72, 1.919], [52.69, 1.936], [53.77, 1.999], [54.86, 2.027], [55.94, 2.198]]
CLUSTERS-3:
[[58.69, 6.895], [59.77, 6.944], [60.84, 7.253]]
CLUSTERS-4:
[[63.02, 9.079], [64.09, 9.003], [65.17, 9.072], [66.25, 8.87]]
CLUSTERS-5:
[[67.59, 3.179], [68.67, 3.175], [69.75, 3.172], [70.83, 3.155], [71.92, 3.106], [73.0, 3.099], [74.08, 3.091], [75.16, 3.077], [76.25, 3.069], [77.34, 3.063], [78.41, 3.06], [79.48, 3.058], [80.58, 3.039], [81.66, 3.035], [82.73, 3.026], [83.81, 3.031], [84.91, 3.01], [85.98, 3.017], [87.06, 3.037], [88.27, 2.869], [89.36, 2.884], [90.31, 2.897], [91.41, 2.918], [92.47, 2.939], [93.55, 2.956], [94.62, 2.973], [95.7, 2.99], [96.78, 3.023], [97.86, 3.053], [98.94, 3.072], [100.02, 3.093], [101.11, 3.127], [102.19, 3.165], [103.27, 3.189], [104.34, 3.204], [105.42, 3.239], [106.5, 3.256], [107.58, 3.291], [108.66, 3.313], [109.73, 3.323], [110.81, 3.374], [111.89, 3.396], [112.98, 3.436], [114.06, 3.457], [115.14, 3.509], [116.22, 3.537], [117.3, 3.565], [118.38, 3.617], [119.45, 3.666], [120.53, 3.7], [121.61, 3.7], [122.69, 3.618], [123.78, 3.56], [124.86, 3.526], [125.95, 3.523], [127.03, 3.444], [128.12, 3.374], [129.22, 3.324], [130.3, 3.347], [131.39, 3.411], [132.48, 3.311], [133.56, 3.27], [134.66, 3.235], [135.73, 3.157], [136.83, 3.124], [137.92, 3.083], [139.0, 3.038], [140.09, 3.006], [141.19, 2.946], [142.27, 2.919], [143.36, 2.882], [144.56, 2.835], [145.66, 2.804], [146.75, 2.778], [147.83, 2.77], [148.92, 2.728], [150.02, 2.699], [151.09, 2.686], [152.19, 2.664], [153.28, 2.641], [154.36, 2.657], [155.45, 2.633], [156.53, 2.477], [157.62, 2.394], [158.72, 2.394], [159.8, 2.375], [161.02, 2.391], [161.97, 2.36], [163.05, 2.358], [164.14, 2.354], [165.34, 2.328], [166.31, 2.491], [167.39, 2.315], [168.59, 2.314], [169.56, 2.304], [170.77, 2.296], [171.86, 2.293], [172.81, 2.295], [174.03, 2.294], [174.98, 2.299], [176.08, 2.349], [177.16, 2.374], [178.23, 2.368], [179.33, 2.405], [180.41, 2.46], [181.5, 2.433], [182.58, 2.384], [183.67, 2.401], [184.75, 2.47], [185.83, 2.479], [186.92, 2.493], [188.0, 2.484], [189.09, 2.491], [190.17, 2.499], [191.27, 2.505], [192.34, 2.523], [193.44, 2.517], [194.52, 2.535], [195.59, 2.547], [196.69, 2.583], [197.77, 2.592], [198.86, 2.596], [199.94, 2.633], [201.03, 2.67], [202.11, 2.677], [203.2, 2.705], [204.28, 2.748], [205.36, 2.77], [206.45, 2.785], [207.53, 2.818], [208.5, 2.854], [209.7, 2.907], [210.8, 2.93], [211.75, 2.858], [212.95, 2.807], [214.05, 2.845], [215.12, 2.879], [216.09, 2.918], [217.17, 2.969], [218.27, 3.022], [219.34, 3.058], [220.42, 3.075], [221.52, 3.041], [222.59, 3.108], [223.69, 3.164], [224.77, 3.249], [225.86, 3.314], [226.94, 3.398], [228.03, 3.61], [229.11, 3.712], [230.19, 3.803]]
CLUSTERS-6:
[[231.16, 4.285], [232.23, 4.375], [233.33, 4.512], [234.41, 4.641], [235.48, 4.793], [236.58, 4.965], [237.66, 5.12], [238.75, 5.294], [239.83, 5.522], [240.91, 5.72], [241.88, 5.928], [242.95, 6.167], [244.05, 6.487], [245.12, 6.816], [246.2, 7.128], [247.3, 7.512], [248.38, 7.475]]
CLUSTERS-7:
[[251.62, 7.249], [252.72, 7.214], [253.8, 7.162], [254.89, 7.143], [255.97, 7.114], [257.05, 7.119]]
CLUSTERS-8:
[[258.14, 10.847], [259.22, 10.935], [260.31, 10.979], [261.39, 11.058], [262.48, 11.116], [263.56, 11.116], [264.66, 11.185], [265.75, 11.243], [266.84, 11.255], [267.94, 11.41], [269.03, 11.422], [270.12, 11.557], [271.22, 11.508], [272.31, 11.683], [273.41, 11.721], [274.48, 11.837], [275.58, 11.696], [276.67, 11.798], [277.77, 11.696], [278.86, 11.772], [279.95, 12.063], [281.05, 11.982]]
CLUSTERS-9:
[[282.14, 7.998], [283.23, 7.963], [284.33, 8.125], [285.42, 8.089]]
CLUSTERS-10:
[[293.2, 4.577], [295.38, 4.84], [296.47, 4.702], [297.56, 4.548], [298.64, 4.382], [299.73, 4.287], [300.81, 4.144], [301.91, 4.029], [302.98, 3.954], [304.08, 3.841], [305.28, 3.495], [306.38, 3.401], [307.45, 3.337], [308.55, 3.264], [309.62, 3.189], [310.72, 3.138], [311.8, 3.22], [312.89, 3.263], [313.97, 3.246], [315.06, 3.162], [316.14, 3.231], [317.23, 3.232], [318.31, 3.293], [319.41, 3.407], [320.48, 3.483], [321.58, 3.592], [322.66, 3.713], [323.62, 3.823], [324.7, 3.977]]
CLUSTERS-11:
[[325.8, 4.897], [326.88, 5.065], [327.97, 5.232], [329.06, 5.458]]
NEAREST OBJECT: [0.9392223297373062, 1.7175316646470502]
ERROR ADDED TO TRACK:[-1.6326155657347712, 1.1459211397601323]
LAST TRACKED POINT: [0.9392223297373062, 1.7175316646470502]
MEAN VALUES:
mean-0: [2.4307009929210626, 0.9266115254877302]
mean-1: [1.4983957849438985, 1.365196222064069]
mean-2: [2.1395036047936618, 2.5826557489676936]
mean-3: [3.549134214110127, 6.209038315654475]
mean-4: [3.9191626768516827, 8.099835931937262]
mean-5: [-1.6326155657347712, 1.1459211397601323]
mean-6: [-2.760067760619682, -5.100533178070717]
mean-7: [-1.987654201827935, -6.871028850157235]
mean-8: [-0.027783636881656425, -11.367592967071355]
mean-9: [1.871012218230124, -7.897037141029369]
mean-10: [4.810969246293915, -12.886731205114012]
mean-11: [2.2890087140758495, -2.8442048695249467]
mean-12: [4.275770644166405, -2.773205611780499]
CLUSTERS-0:
[[2.08, 2.376], [3.16, 2.383], [4.25, 2.39], [5.33, 2.393], [6.41, 2.396], [7.5, 2.417], [8.58, 2.417], [9.66, 2.44], [10.75, 2.445], [11.83, 2.457], [12.92, 2.459], [14.0, 2.483], [15.08, 2.493], [16.17, 2.517], [17.25, 2.527], [18.34, 2.539], [19.42, 2.58], [20.52, 2.586], [21.59, 2.607], [22.69, 2.638], [23.77, 2.667], [24.86, 2.684], [25.94, 2.708], [27.03, 2.752], [28.12, 2.775], [29.2, 2.811], [30.28, 2.84], [31.36, 2.911], [32.34, 2.949], [33.41, 2.978], [34.5, 3.025], [35.58, 3.053], [36.67, 3.127], [37.75, 3.179]]
CLUSTERS-1:
[[39.09, 2.122], [40.17, 2.082], [41.27, 2.06], [42.34, 1.986], [43.56, 1.939], [44.64, 1.967], [45.61, 2.044]]
CLUSTERS-2:
[[46.44, 3.097], [47.53, 3.16], [48.61, 3.243], [49.69, 3.299], [50.77, 3.373], [51.84, 3.447], [52.92, 3.54], [54.0, 3.696]]
CLUSTERS-3:
[[59.14, 6.895], [60.22, 7.124], [61.3, 7.439]]
CLUSTERS-4:
[[62.38, 9.026], [64.55, 9.018], [65.62, 8.958]]
CLUSTERS-5:
[[66.95, 3.198], [68.03, 3.171], [69.11, 3.167], [70.19, 3.164], [71.27, 3.134], [72.34, 3.099], [73.42, 3.099], [74.5, 3.084], [75.58, 3.071], [76.66, 3.068], [77.73, 3.064], [78.81, 3.061], [79.89, 3.056], [80.97, 3.055], [82.06, 3.048], [83.14, 3.029], [84.22, 3.03], [85.31, 3.025], [86.39, 3.017], [87.48, 3.04], [88.69, 2.884], [89.66, 2.883], [90.86, 2.911], [91.81, 2.94], [92.91, 2.946], [93.98, 2.964], [95.08, 2.986], [96.16, 2.998], [97.25, 3.03], [98.33, 3.046], [99.42, 3.079], [100.5, 3.123], [101.58, 3.165], [102.67, 3.18], [103.75, 3.225], [104.84, 3.208], [105.92, 3.248], [107.02, 3.265], [108.09, 3.3], [109.17, 3.315], [110.27, 3.359], [111.34, 3.378], [112.44, 3.418], [113.52, 3.448], [114.61, 3.465], [115.69, 3.519], [116.78, 3.553], [117.86, 3.58], [118.94, 3.649], [120.03, 3.686], [121.11, 3.745], [122.2, 3.65], [123.28, 3.561], [124.38, 3.558], [125.45, 3.522], [126.53, 3.493], [127.62, 3.399], [128.7, 3.354], [129.8, 3.289], [130.88, 3.369], [131.97, 3.344], [133.05, 3.311], [134.14, 3.25], [135.22, 3.195], [136.3, 3.148], [137.39, 3.096], [138.47, 3.071], [139.56, 3.021], [140.64, 2.971], [141.73, 2.935], [142.94, 2.869], [144.02, 2.832], [145.11, 2.818], [146.19, 2.785], [147.28, 2.77], [148.36, 2.731], [149.45, 2.701], [150.53, 2.686], [151.62, 2.667], [152.7, 2.661], [153.8, 2.652], [154.88, 2.655], [155.97, 2.544], [157.06, 2.419], [158.14, 2.396], [159.23, 2.397], [160.33, 2.358], [161.41, 2.357], [162.5, 2.35], [163.58, 2.396], [164.67, 2.341], [165.77, 2.33], [166.97, 2.305], [167.94, 2.305], [169.16, 2.313], [170.11, 2.304], [171.33, 2.32], [172.28, 2.322], [173.5, 2.305], [174.59, 2.302], [175.55, 2.382], [176.77, 2.336], [177.73, 2.345], [178.94, 2.379], [179.91, 2.475], [180.98, 2.458], [182.08, 2.408], [183.17, 2.407], [184.25, 2.461], [185.34, 2.473], [186.44, 2.468], [187.52, 2.479], [188.61, 2.492], [189.69, 2.493], [190.78, 2.502], [191.86, 2.504], [192.95, 2.525], [194.03, 2.531], [195.12, 2.543], [196.2, 2.583], [197.3, 2.595], [198.38, 2.6], [199.47, 2.626], [200.55, 2.642], [201.64, 2.666], [202.72, 2.688], [203.81, 2.725], [204.91, 2.756], [205.98, 2.778], [207.08, 2.834], [208.03, 2.857], [209.12, 2.871], [210.33, 2.917], [211.3, 2.883], [212.5, 2.812], [213.59, 2.836], [214.55, 2.861], [215.77, 2.893], [216.72, 2.953], [217.81, 2.989], [218.89, 3.042], [219.98, 3.101], [221.08, 3.036], [222.16, 3.06], [223.23, 3.141], [224.33, 3.226], [225.41, 3.283], [226.48, 3.362], [227.58, 3.572], [228.66, 3.681], [229.62, 3.766]]
CLUSTERS-6:
[[230.7, 4.201], [231.78, 4.321], [232.88, 4.458], [233.95, 4.594], [235.03, 4.73], [236.12, 4.884], [237.2, 5.062], [238.3, 5.232], [239.38, 5.395], [240.47, 5.594], [241.42, 5.841], [242.5, 6.079], [243.58, 6.368], [244.69, 6.727], [245.75, 7.007], [246.84, 7.318], [247.92, 7.528], [249.0, 7.57], [250.09, 7.852]]
CLUSTERS-7:
[[251.17, 7.263], [252.25, 7.224], [253.34, 7.133], [254.42, 7.124], [255.52, 7.114], [256.59, 7.081]]
CLUSTERS-8:
[[258.78, 11.002], [259.88, 11.036], [260.97, 11.093], [262.06, 11.104], [263.14, 11.185], [264.23, 11.22], [265.33, 11.162], [266.42, 11.197], [267.52, 11.362], [268.61, 11.35], [269.69, 11.471], [270.78, 11.582], [271.88, 11.508], [272.97, 11.721], [274.06, 11.708], [275.16, 11.658], [276.25, 11.708], [277.33, 11.67], [278.44, 11.798], [279.52, 11.811], [280.61, 11.969]]
CLUSTERS-9:
[[281.7, 8.276], [282.8, 8.01], [283.88, 8.107], [284.97, 8.077]]
CLUSTERS-10:
[[287.16, 13.447], [291.52, 13.792], [292.61, 14.062]]
CLUSTERS-11:
[[294.91, 4.956], [295.98, 4.785], [297.08, 4.598], [298.17, 4.447], [299.25, 4.316], [300.34, 4.175], [301.42, 4.071], [302.52, 3.977], [303.61, 3.89], [304.81, 3.529], [305.91, 3.444], [306.98, 3.363], [308.08, 3.294], [309.17, 3.227], [310.25, 3.165], [311.34, 3.16], [312.42, 3.249], [313.52, 3.26], [314.61, 3.218], [315.7, 3.189], [316.78, 3.247], [317.86, 3.274], [318.95, 3.354], [320.05, 3.455], [321.12, 3.557], [322.22, 3.658], [323.3, 3.778], [324.39, 3.918]]
CLUSTERS-12:
[[325.36, 4.834], [326.44, 5.001], [327.53, 5.176], [328.61, 5.379]]
NEAREST OBJECT: [0.9392223297373062, 1.7175316646470502]
ERROR ADDED TO TRACK:[-1.6456730534860706, 1.1301704086009574]
LAST TRACKED POINT: [0.9392223297373062, 1.7175316646470502]
MEAN VALUES:
mean-0: [2.4110464993404372, 0.6556496065217133]
mean-1: [1.703797049503964, 1.1435594542430887]
mean-2: [2.5256671512225233, 2.132104299668965]
mean-3: [2.154862977161421, 2.438790413855379]
mean-4: [3.8935643657711547, 8.095523622799938]
mean-5: [-1.6456730534860706, 1.1301704086009574]
mean-6: [-2.7643926118857385, -5.200519513813709]
mean-7: [-1.9283904965136192, -6.8942649880329165]
mean-8: [-0.1916283410475024, -11.333246095083812]
mean-9: [1.8580310892446346, -7.826488687128708]
mean-10: [2.2743754953190956, -2.9440403700654088]
mean-11: [4.3398223985188435, -2.776707200512191]
CLUSTERS-0:
[[1.2, 2.372], [2.3, 2.376], [3.38, 2.386], [4.47, 2.39], [5.56, 2.408], [6.66, 2.41], [7.73, 2.423], [8.83, 2.424], [9.92, 2.43], [11.02, 2.452], [12.09, 2.456], [13.19, 2.462], [14.28, 2.487], [15.38, 2.498], [16.45, 2.518], [17.55, 2.528], [18.64, 2.545], [19.73, 2.585], [20.81, 2.594], [21.91, 2.612], [23.0, 2.64], [24.09, 2.669], [25.17, 2.686], [26.25, 2.725], [27.33, 2.758], [28.41, 2.8]]
CLUSTERS-1:
[[29.61, 2.181], [30.69, 2.098], [31.77, 2.056], [32.84, 2.038], [33.92, 2.033], [35.0, 2.047], [36.09, 2.007], [37.17, 2.003], [38.25, 2.027]]
CLUSTERS-2:
[[39.08, 3.25], [40.16, 3.292], [41.23, 3.375]]
CLUSTERS-3:
[[42.31, 2.919], [43.39, 2.963], [44.47, 3.017], [45.55, 3.058], [46.62, 3.136], [47.72, 3.193], [48.8, 3.266], [49.88, 3.326], [50.95, 3.409], [52.03, 3.502], [53.11, 3.592], [54.19, 3.755]]
CLUSTERS-4:
[[62.67, 9.11], [63.77, 8.936], [64.88, 8.966], [65.97, 8.929]]
CLUSTERS-5:
[[67.33, 3.181], [68.42, 3.175], [69.53, 3.172], [70.62, 3.155], [71.73, 3.124], [72.83, 3.099], [73.94, 3.088], [75.03, 3.077], [76.14, 3.07], [77.23, 3.061], [78.34, 3.062], [79.45, 3.059], [80.55, 3.037], [81.64, 3.033], [82.75, 3.024], [83.84, 3.03], [84.95, 3.013], [86.05, 3.019], [87.16, 3.062], [88.38, 2.879], [89.36, 2.881], [90.45, 2.912], [91.69, 2.921], [92.66, 2.943], [93.77, 2.964], [94.84, 2.969], [95.92, 2.993], [97.03, 3.025], [98.09, 3.044], [99.19, 3.073], [100.27, 3.096], [101.36, 3.137], [102.44, 3.172], [103.52, 3.221], [104.61, 3.207], [105.69, 3.228], [106.78, 3.26], [107.86, 3.28], [108.95, 3.309], [110.03, 3.333], [111.12, 3.374], [112.2, 3.402], [113.28, 3.438], [114.38, 3.464], [115.45, 3.517], [116.55, 3.548], [117.62, 3.571], [118.72, 3.639], [119.8, 3.678], [120.88, 3.713], [121.97, 3.678], [123.05, 3.585], [124.14, 3.602], [125.22, 3.511], [126.31, 3.501], [127.39, 3.415], [128.48, 3.362], [129.58, 3.288], [130.67, 3.361], [131.77, 3.36], [132.86, 3.314], [133.95, 3.264], [135.05, 3.211], [136.14, 3.149], [137.23, 3.108], [138.33, 3.068], [139.42, 3.02], [140.53, 2.976], [141.62, 2.956], [142.73, 2.883], [143.94, 2.85], [144.91, 2.822], [146.12, 2.783], [147.22, 2.768], [148.31, 2.73], [149.41, 2.718], [150.5, 2.678], [151.59, 2.672], [152.7, 2.665], [153.8, 2.654], [154.89, 2.657], [155.98, 2.527], [157.08, 2.419], [158.17, 2.41], [159.27, 2.396], [160.36, 2.359], [161.45, 2.358], [162.55, 2.349], [163.66, 2.398], [164.73, 2.334], [165.83, 2.376], [167.05, 2.317], [168.02, 2.317], [169.11, 2.324], [170.33, 2.318], [171.28, 2.324], [172.5, 2.321], [173.47, 2.305], [174.69, 2.301], [175.66, 2.415], [176.88, 2.321], [177.83, 2.341], [178.92, 2.341], [180.02, 2.456], [181.11, 2.453], [182.2, 2.422], [183.3, 2.472], [184.39, 2.47], [185.47, 2.471], [186.56, 2.479], [187.66, 2.48], [188.75, 2.492], [189.84, 2.496], [190.94, 2.501], [192.02, 2.506], [193.11, 2.526], [194.2, 2.537], [195.3, 2.544], [196.39, 2.584], [197.48, 2.604], [198.58, 2.606], [199.66, 2.632], [200.75, 2.665], [201.84, 2.665], [202.94, 2.686], [204.03, 2.712], [205.11, 2.758], [206.2, 2.779], [207.3, 2.818], [208.27, 2.86], [209.36, 2.903], [210.56, 2.925], [211.66, 2.869], [212.75, 2.806], [213.84, 2.84], [214.81, 2.871], [216.03, 2.915], [216.98, 2.963], [218.08, 2.995], [219.17, 3.051], [220.27, 3.075], [221.36, 3.028], [222.44, 3.105], [223.53, 3.156], [224.62, 3.238], [225.72, 3.294], [226.81, 3.389], [227.89, 3.592], [228.98, 3.702], [230.08, 3.819]]
CLUSTERS-6:
[[231.05, 4.265], [232.14, 4.389], [233.23, 4.504], [234.31, 4.631], [235.41, 4.77], [236.5, 4.944], [237.59, 5.113], [238.69, 5.281], [239.78, 5.489], [240.73, 5.708], [241.83, 5.905], [242.92, 6.209], [244.02, 6.475], [245.11, 6.795], [246.2, 7.181], [247.28, 7.481], [248.38, 7.47], [249.47, 7.841], [250.56, 8.04]]
CLUSTERS-7:
[[251.66, 7.234], [252.75, 7.205], [253.84, 7.166], [254.92, 7.114], [256.02, 7.124], [257.11, 7.133]]
CLUSTERS-8:
[[258.2, 10.88], [259.3, 11.093], [260.39, 11.036], [261.47, 11.127], [262.56, 11.058], [263.67, 11.127], [264.75, 11.162], [265.84, 11.208], [266.94, 11.162], [268.03, 11.471], [269.12, 11.57], [270.22, 11.508], [271.31, 11.607], [272.41, 11.62], [273.52, 11.632], [275.69, 11.57], [276.78, 11.969], [277.88, 11.645], [278.97, 11.734], [280.06, 12.063]]
CLUSTERS-9:
[[282.25, 8.022], [283.36, 7.981], [284.44, 8.132]]
CLUSTERS-10:
[[293.33, 5.147], [294.42, 4.988], [295.52, 4.817], [296.61, 4.639], [297.7, 4.506], [298.8, 4.377], [299.89, 4.235], [300.98, 4.099], [302.08, 4.011], [303.19, 3.909], [304.41, 3.781], [305.5, 3.482], [306.59, 3.373], [307.69, 3.309], [308.78, 3.242], [309.89, 3.164], [310.98, 3.153], [312.08, 3.234], [313.17, 3.298], [314.27, 3.231], [315.38, 3.165], [316.47, 3.389], [317.56, 3.265], [318.66, 3.36], [319.75, 3.424], [320.86, 3.544], [321.95, 3.63], [323.05, 3.738], [324.14, 3.9]]
CLUSTERS-11:
[[325.11, 4.791], [326.2, 4.956], [327.31, 5.132], [328.41, 5.32], [329.5, 5.571]]
NEAREST OBJECT: [0.9392223297373062, 1.7175316646470502]
ERROR ADDED TO TRACK:[-1.639401748821651, 1.1351074717411556]
LAST TRACKED POINT: [0.9392223297373062, 1.7175316646470502]
MEAN VALUES:
mean-0: [2.396894531721927, 0.4229013235931691]
mean-1: [1.6670017802998938, 0.71369520865465]
mean-2: [2.332141672492688, 2.053966936698778]
mean-3: [3.5391691559810226, 6.204740220176194]
mean-4: [3.9041998692274373, 8.101814612694975]
mean-5: [-1.639401748821651, 1.1351074717411556]
mean-6: [-2.7646352018613007, -4.922024103033416]
mean-7: [-1.9192183538832064, -6.883628681892277]
mean-8: [-0.16713850831957233, -11.344460312569463]
mean-9: [1.8672158827121732, -7.784894891315496]
mean-10: [2.2828488556550477, -2.8663705107087516]
mean-11: [4.2694358844469935, -2.7810590642138506]
CLUSTERS-0:
[[1.7, 2.374], [2.81, 2.373], [3.89, 2.386], [5.11, 2.391], [6.08, 2.405], [7.16, 2.416], [8.25, 2.421], [9.34, 2.426], [10.44, 2.444], [11.53, 2.45], [12.62, 2.462], [13.72, 2.482], [14.81, 2.491], [15.89, 2.511], [16.98, 2.523], [18.08, 2.538]]
CLUSTERS-1:
[[19.3, 1.888], [20.52, 1.855], [21.61, 1.837], [22.7, 1.833], [23.8, 1.787], [24.88, 1.766], [25.97, 1.761], [27.06, 1.794]]
CLUSTERS-2:
[[27.91, 2.769], [29.0, 2.807], [29.97, 2.821], [31.19, 2.907], [32.28, 2.945], [33.23, 2.971], [34.33, 3.023], [35.42, 3.046], [36.52, 3.124], [37.61, 3.172], [38.7, 3.234], [39.78, 3.276], [40.88, 3.355], [41.97, 3.14], [43.06, 2.937], [44.16, 2.987], [45.25, 3.042], [46.33, 3.112], [47.42, 3.162], [48.52, 3.241], [49.61, 3.302], [50.7, 3.374], [51.8, 3.444], [52.89, 3.537], [53.97, 3.698]]
CLUSTERS-3:
[[59.19, 6.899], [60.27, 7.114], [61.36, 7.419]]
CLUSTERS-4:
[[62.45, 9.011], [64.64, 9.011], [65.73, 8.966]]
CLUSTERS-5:
[[67.08, 3.186], [68.17, 3.177], [69.27, 3.175], [70.36, 3.159], [71.45, 3.149], [72.55, 3.098], [73.64, 3.097], [74.73, 3.083], [75.84, 3.078], [76.94, 3.067], [78.05, 3.061], [79.12, 3.062], [80.22, 3.055], [81.31, 3.034], [82.41, 3.005], [83.5, 3.03], [84.61, 3.028], [85.7, 3.015], [86.8, 3.027], [88.02, 2.867], [89.11, 2.879], [90.08, 2.89], [91.3, 2.916], [92.27, 2.94], [93.38, 2.954], [94.47, 2.969], [95.56, 2.987], [96.66, 3.023], [97.75, 3.033], [98.84, 3.067], [99.94, 3.103], [101.03, 3.127], [102.14, 3.171], [103.22, 3.2], [104.31, 3.264], [105.41, 3.217], [106.5, 3.254], [107.58, 3.267], [108.67, 3.316], [109.77, 3.327], [110.86, 3.376], [111.94, 3.394], [113.03, 3.431], [114.12, 3.458], [115.22, 3.507], [116.3, 3.534], [117.39, 3.565], [118.48, 3.612], [119.58, 3.671], [120.66, 3.705], [121.75, 3.691], [122.84, 3.613], [123.94, 3.562], [125.02, 3.517], [126.11, 3.517], [127.2, 3.427], [128.3, 3.37], [129.38, 3.315], [130.47, 3.355], [131.56, 3.412], [132.66, 3.329], [133.73, 3.271], [134.83, 3.243], [135.92, 3.158], [137.02, 3.103], [138.11, 3.051], [139.22, 3.023], [140.3, 2.98], [141.52, 2.945], [142.48, 2.915], [143.7, 2.867], [144.81, 2.837], [145.91, 2.783], [147.0, 2.768], [148.09, 2.732], [149.19, 2.718], [150.28, 2.683], [151.39, 2.675], [152.48, 2.675], [153.58, 2.655], [154.69, 2.659], [155.77, 2.502], [156.86, 2.435], [157.95, 2.409], [159.06, 2.401], [160.16, 2.369], [161.25, 2.366], [162.34, 2.357], [163.56, 2.391], [164.53, 2.344], [165.64, 2.323], [166.73, 2.322], [167.83, 2.309], [169.05, 2.319], [170.02, 2.316], [171.23, 2.32], [172.22, 2.304], [173.31, 2.309], [174.41, 2.3], [175.5, 2.354], [176.59, 2.334], [177.69, 2.347], [178.78, 2.588], [180.0, 2.338], [180.97, 2.464], [182.06, 2.423], [183.16, 2.463], [184.25, 2.461], [185.34, 2.475], [186.44, 2.477], [187.53, 2.483], [188.62, 2.489], [189.72, 2.493], [190.81, 2.501], [191.91, 2.502], [193.0, 2.525], [194.09, 2.539], [195.19, 2.549], [196.28, 2.586], [197.38, 2.601], [198.47, 2.604], [199.56, 2.634], [200.66, 2.655], [201.75, 2.667], [202.84, 2.684], [203.94, 2.705], [205.03, 2.731], [206.12, 2.77], [207.23, 2.799], [208.19, 2.856], [209.28, 2.902], [210.38, 2.923], [211.47, 2.873], [212.56, 2.809], [213.78, 2.835], [214.88, 2.866], [215.86, 2.914], [216.94, 2.958], [218.03, 2.994], [219.11, 3.047], [220.2, 3.081], [221.3, 3.03], [222.39, 3.102], [223.48, 3.151], [224.58, 3.241], [225.67, 3.304], [226.77, 3.387], [227.86, 3.606], [228.95, 3.706], [230.05, 3.795]]
CLUSTERS-6:
[[231.0, 4.245], [232.09, 4.361], [233.19, 4.487], [234.28, 4.61], [235.38, 4.789], [236.47, 4.942], [237.56, 5.093], [238.66, 5.278], [239.77, 5.475], [240.84, 5.704], [241.81, 5.922], [242.91, 6.167], [244.0, 6.503], [245.09, 6.773], [246.2, 7.105], [247.3, 7.444], [248.39, 7.481]]
CLUSTERS-7:
[[251.69, 7.214], [252.78, 7.205], [253.88, 7.105], [254.98, 7.138], [256.08, 7.119], [257.17, 7.119]]
CLUSTERS-8:
[[258.27, 10.913], [259.38, 11.013], [260.47, 11.024], [261.56, 11.162], [262.66, 11.036], [263.77, 11.127], [264.86, 11.255], [265.95, 11.255], [267.05, 11.314], [268.16, 11.398], [269.25, 11.314], [270.34, 11.52], [271.44, 11.595], [272.55, 11.683], [273.64, 11.785], [275.83, 11.582], [276.94, 11.785], [278.02, 11.798], [279.11, 11.876], [280.2, 12.036]]
CLUSTERS-9:
[[282.39, 7.969], [283.48, 7.987], [284.58, 8.064]]
CLUSTERS-10:
[[294.55, 4.988], [295.64, 4.804], [296.73, 4.643], [297.83, 4.487], [298.92, 4.361], [300.02, 4.205], [301.11, 4.093], [302.2, 3.992], [303.42, 3.9], [304.52, 3.635], [305.61, 3.444], [306.7, 3.365], [307.8, 3.303], [308.89, 3.235], [309.98, 3.153], [311.08, 3.157], [312.19, 3.241], [313.27, 3.27], [314.36, 3.222], [315.45, 3.19], [316.56, 3.309], [317.66, 3.273], [318.75, 3.348], [319.86, 3.437], [320.95, 3.551], [322.05, 3.655], [323.16, 3.769], [324.25, 3.923]]
CLUSTERS-11:
[[325.22, 4.84], [326.33, 4.997], [327.42, 5.179], [328.52, 5.37]]
NEAREST OBJECT: [0.9392223297373062, 1.7175316646470502]
ERROR ADDED TO TRACK:[-1.7685011678622202, 0.40698552892960077]
LAST TRACKED POINT: [0.9392223297373062, 1.7175316646470502]
MEAN VALUES:
mean-0: [2.3824324159911856, 0.18872031169448508]
mean-1: [1.6834483104976194, 0.36857310558832396]
mean-2: [2.3551713781358004, 1.7548069661702357]
mean-3: [3.5143782786402347, 6.226082412609949]
mean-4: [3.851780797027088, 8.088124864423937]
mean-5: [-1.7685011678622202, 0.40698552892960077]
mean-6: [-1.9476108547198216, -6.886266460052651]
mean-7: [-0.0578017098682254, -11.363120203519001]
mean-8: [1.8608209320148301, -7.889665489079879]
mean-9: [2.3008456003630373, -2.8347820567434754]
mean-10: [4.348549414618455, -2.779222873069785]
mean-11: [2.348145701751907, -0.6397986941797467]
CLUSTERS-0:
[[1.78, 2.374], [2.88, 2.373], [3.97, 2.377], [5.06, 2.403], [6.16, 2.405], [7.25, 2.415]]
CLUSTERS-1:
[[8.58, 1.833], [9.67, 1.768], [10.77, 1.746], [11.86, 1.742], [12.95, 1.692], [14.17, 1.652], [15.14, 1.681], [16.23, 1.686]]
CLUSTERS-2:
[[17.08, 2.528], [18.17, 2.538], [19.27, 2.561], [20.36, 2.589], [21.45, 2.6], [22.55, 2.636], [23.64, 2.664], [24.73, 2.682], [25.84, 2.703], [26.94, 2.751], [28.03, 2.773], [29.12, 2.812], [30.23, 2.801], [31.2, 2.912], [32.3, 2.95], [33.39, 2.974], [34.48, 3.026], [35.58, 3.073], [36.69, 3.123], [37.78, 3.161], [38.88, 3.239], [39.97, 3.28], [41.06, 3.355], [42.16, 2.998], [43.27, 2.939], [44.36, 2.997], [45.45, 3.047], [46.55, 3.123], [47.64, 3.185], [48.75, 3.247], [49.84, 3.317], [50.94, 3.386], [52.03, 3.482], [53.12, 3.545], [54.23, 3.711]]
CLUSTERS-3:
[[59.44, 6.877], [60.53, 7.166], [61.62, 7.408]]
CLUSTERS-4:
[[62.72, 9.026], [64.91, 8.973], [66.0, 8.884]]
CLUSTERS-5:
[[67.34, 3.191], [68.44, 3.177], [69.53, 3.175], [70.62, 3.154], [71.72, 3.125], [72.81, 3.106], [73.91, 3.091], [75.0, 3.079], [76.09, 3.076], [77.19, 3.067], [78.28, 3.062], [79.38, 3.064], [80.47, 3.033], [81.56, 3.051], [82.66, 3.022], [83.75, 3.03], [84.84, 3.009], [85.94, 3.013], [87.03, 3.033], [88.25, 2.868], [89.22, 2.88], [90.42, 2.893], [91.41, 2.936], [92.48, 2.947], [93.7, 2.955], [94.66, 2.974], [95.75, 2.985], [96.84, 3.027], [97.94, 3.042], [99.02, 3.069], [100.11, 3.096], [101.2, 3.137], [102.3, 3.175], [103.38, 3.197], [104.47, 3.209], [105.56, 3.224], [106.66, 3.26], [107.73, 3.277], [108.83, 3.312], [109.92, 3.351], [111.02, 3.375], [112.09, 3.398], [113.2, 3.436], [114.28, 3.468], [115.38, 3.516], [116.45, 3.544], [117.55, 3.57], [118.64, 3.63], [119.73, 3.681], [120.81, 3.715], [121.91, 3.685], [123.0, 3.584], [124.09, 3.57], [125.19, 3.51], [126.28, 3.503], [127.38, 3.413], [128.48, 3.36], [129.58, 3.284], [130.67, 3.361], [131.78, 3.354], [132.89, 3.313], [133.97, 3.256], [135.08, 3.195], [136.17, 3.148], [137.27, 3.105], [138.38, 3.063], [139.47, 3.023], [140.56, 2.978], [141.67, 2.96], [142.89, 2.907], [143.98, 2.84], [145.08, 2.812], [146.19, 2.776], [147.28, 2.757], [148.38, 2.721], [149.48, 2.699], [150.58, 2.68], [151.67, 2.675], [152.78, 2.668], [153.88, 2.661], [154.97, 2.635], [156.09, 2.491], [157.17, 2.439], [158.27, 2.407], [159.5, 2.391], [160.47, 2.363], [161.56, 2.364], [162.66, 2.355], [163.75, 2.401], [164.84, 2.346], [165.94, 2.354], [167.03, 2.325], [168.25, 2.308], [169.34, 2.32], [170.31, 2.31], [171.53, 2.301], [172.5, 2.3], [173.72, 2.301], [174.69, 2.299], [175.78, 2.363], [177.0, 2.336], [177.97, 2.395], [179.06, 2.444], [180.16, 2.335], [181.25, 2.464], [182.34, 2.45], [183.44, 2.493], [184.53, 2.459], [185.62, 2.462], [186.72, 2.48], [187.81, 2.471], [188.91, 2.487], [190.0, 2.492], [191.09, 2.503], [192.19, 2.511], [193.28, 2.528], [194.39, 2.544], [195.48, 2.564], [196.58, 2.588], [197.67, 2.605], [198.77, 2.606], [199.86, 2.64], [200.95, 2.669], [202.05, 2.679], [203.14, 2.694], [204.23, 2.744], [205.33, 2.758], [206.44, 2.773], [207.53, 2.815], [208.62, 2.853], [209.59, 2.913], [210.81, 2.926], [211.78, 2.857], [213.0, 2.793], [214.09, 2.844], [215.06, 2.882], [216.16, 2.924], [217.27, 2.971], [218.36, 3.025], [219.45, 3.06], [220.55, 3.071], [221.64, 3.044], [222.73, 3.117], [223.83, 3.165], [224.92, 3.255], [226.02, 3.332], [227.11, 3.408], [228.2, 3.628], [229.31, 3.713], [230.41, 3.91], [231.38, 4.306], [232.47, 4.416], [233.56, 4.534], [234.66, 4.675], [235.75, 4.832], [236.84, 5.001], [237.94, 5.144], [239.03, 5.368], [240.12, 5.548], [241.09, 5.766], [242.19, 5.984], [243.28, 6.33], [244.38, 6.619], [245.47, 6.908], [246.56, 7.298], [247.66, 7.528], [248.75, 7.465], [249.84, 7.864], [250.94, 7.739]]
CLUSTERS-6:
[[252.03, 7.239], [253.12, 7.166], [254.22, 7.162], [255.31, 7.147], [256.41, 7.081]]
CLUSTERS-7:
[[258.59, 11.002], [259.69, 11.093], [260.78, 11.139], [261.88, 11.07], [262.97, 11.162], [264.06, 11.255], [265.16, 11.279], [266.25, 11.326], [267.34, 11.243], [268.45, 11.35], [269.55, 11.35], [270.64, 11.508], [271.75, 11.57], [272.84, 11.747], [273.94, 11.734], [275.05, 11.57], [276.14, 11.658], [277.23, 11.62], [278.34, 11.721], [279.44, 11.863], [280.55, 11.982]]
CLUSTERS-8:
[[281.64, 8.269], [282.73, 8.052], [283.83, 8.004], [284.92, 8.107]]
CLUSTERS-9:
[[294.94, 4.889], [296.05, 4.745], [297.14, 4.606], [298.23, 4.431], [299.34, 4.311], [300.44, 4.18], [301.53, 4.059], [302.64, 3.977], [303.86, 3.853], [304.95, 3.511], [306.06, 3.412], [307.16, 3.353], [308.25, 3.295], [309.38, 3.215], [310.45, 3.137], [311.55, 3.217], [312.66, 3.259], [313.75, 3.247], [314.84, 3.186], [315.95, 3.21], [317.05, 3.234], [318.14, 3.296], [319.25, 3.399], [320.34, 3.476], [321.44, 3.598], [322.55, 3.703], [323.64, 3.819], [324.61, 3.967]]
CLUSTERS-10:
[[325.72, 4.882], [326.81, 5.058], [327.91, 5.239], [329.02, 5.469]]
CLUSTERS-11:
[[330.36, 2.661], [331.45, 2.636], [332.58, 2.62], [333.66, 2.596], [334.77, 2.57], [335.86, 2.557], [336.95, 2.548], [338.05, 2.513], [339.14, 2.506], [340.23, 2.488], [341.33, 2.48], [342.42, 2.474], [343.53, 2.469], [344.62, 2.439], [345.72, 2.427], [346.81, 2.416], [347.91, 2.41], [349.0, 2.406], [350.09, 2.382], [351.19, 2.373], [351.95, 2.374], [353.05, 2.373], [354.14, 2.367], [355.23, 2.37], [356.31, 2.377], [357.53, 2.379], [358.5, 2.375], [359.59, 2.364]]
NEAREST OBJECT: [0.9392223297373062, 1.7175316646470502]
ERROR ADDED TO TRACK:[-1.7698361110707839, 0.19947247935598747]
LAST TRACKED POINT: [0.9392223297373062, 1.7175316646470502]
MEAN VALUES:
mean-0: [2.3702351114308504, 1.4050244820940299]
mean-1: [3.535743437687627, 6.196702761096188]
mean-2: [3.9123846502447712, 8.117851023470218]
mean-3: [-1.7698361110707839, 0.19947247935598747]
mean-4: [-0.017500068646348826, -11.380492667104592]
mean-5: [1.884339534336882, -7.872515059354129]
mean-6: [4.361676173371164, -12.671134206917737]
mean-7: [2.3115395200408466, -2.8276646038236266]
mean-8: [4.392175640011474, -2.7930903854802844]
mean-9: [2.343384316486387, -0.7680611434288146]
mean-10: [1.7181656666452525, -0.07812023701150256]
CLUSTERS-0:
[[3.73, 2.401], [4.95, 2.379], [5.92, 2.407], [7.03, 2.413], [8.11, 2.419], [9.2, 2.427], [10.31, 2.435], [11.41, 2.451], [12.5, 2.461], [13.59, 2.479], [14.69, 2.492], [15.78, 2.501], [16.88, 2.523], [17.97, 2.536], [19.06, 2.56], [20.16, 2.585], [21.25, 2.602], [22.36, 2.631], [23.45, 2.661], [24.55, 2.677], [25.64, 2.702], [26.73, 2.751], [27.83, 2.773], [28.92, 2.807], [30.02, 2.844], [30.98, 2.89], [32.2, 2.925], [33.31, 2.968], [34.27, 3.021], [35.36, 3.045], [36.45, 3.118], [37.55, 3.156], [38.64, 3.231], [39.73, 3.273], [40.83, 3.355], [41.92, 3.183], [43.02, 2.931], [44.11, 2.989], [45.2, 3.041], [46.3, 3.108], [47.39, 3.157], [48.48, 3.239], [49.58, 3.302], [50.67, 3.372], [51.77, 3.444], [52.86, 3.539], [53.95, 3.696]]
CLUSTERS-1:
[[59.17, 6.886], [60.27, 7.147], [61.36, 7.373]]
CLUSTERS-2:
[[62.45, 9.034], [64.64, 9.079], [65.73, 8.929]]
CLUSTERS-3:
[[67.08, 3.182], [68.17, 3.175], [69.27, 3.171], [70.36, 3.141], [71.45, 3.147], [72.56, 3.102], [73.66, 3.096], [74.75, 3.081], [75.84, 3.076], [76.95, 3.065], [78.05, 3.042], [79.14, 3.064], [80.25, 3.056], [81.34, 3.05], [82.44, 3.026], [83.53, 3.049], [84.64, 3.026], [85.73, 3.012], [86.83, 3.024], [87.94, 2.87], [89.16, 2.875], [90.12, 2.89], [91.34, 2.911], [92.33, 2.947], [93.42, 2.956], [94.52, 2.971], [95.62, 2.992], [96.72, 3.004], [97.81, 3.049], [98.91, 3.066], [100.02, 3.092], [101.11, 3.126], [102.2, 3.151], [103.31, 3.193], [104.39, 3.243], [105.48, 3.238], [106.58, 3.257], [107.67, 3.271], [108.77, 3.312], [109.86, 3.333], [110.95, 3.375], [112.05, 3.394], [113.14, 3.434], [114.23, 3.46], [115.31, 3.507], [116.41, 3.54], [117.5, 3.57], [118.59, 3.626], [119.69, 3.68], [120.78, 3.706], [121.88, 3.688], [122.97, 3.588], [124.06, 3.565], [125.16, 3.512], [126.25, 3.51], [127.33, 3.412], [128.42, 3.367], [129.52, 3.327], [130.61, 3.359], [131.7, 3.37], [132.8, 3.339], [133.89, 3.258], [135.0, 3.212], [136.08, 3.15], [137.17, 3.11], [138.27, 3.054], [139.36, 3.025], [140.45, 2.982], [141.56, 2.967], [142.66, 2.908], [143.88, 2.835], [144.98, 2.807], [146.08, 2.775], [147.19, 2.752], [148.28, 2.726], [149.38, 2.703], [150.48, 2.687], [151.58, 2.675], [152.67, 2.672], [153.78, 2.644], [154.88, 2.618], [155.98, 2.55], [157.08, 2.448], [158.17, 2.409], [159.28, 2.396], [160.38, 2.366], [161.47, 2.368], [162.58, 2.361], [163.67, 2.404], [164.78, 2.343], [165.88, 2.351], [167.09, 2.319], [168.2, 2.313], [169.3, 2.302], [170.27, 2.311], [171.38, 2.3], [172.47, 2.304], [173.7, 2.302], [174.8, 2.312], [175.78, 2.361], [176.86, 2.341], [177.95, 2.458], [179.17, 2.321], [180.14, 2.348], [181.25, 2.449], [182.34, 2.405], [183.44, 2.485], [184.53, 2.473], [185.62, 2.475], [186.72, 2.483], [187.83, 2.482], [188.92, 2.491], [190.02, 2.497], [191.11, 2.505], [192.2, 2.519], [193.3, 2.53], [194.39, 2.543], [195.5, 2.552], [196.59, 2.589], [197.69, 2.603], [198.78, 2.61], [199.88, 2.638], [200.97, 2.672], [202.08, 2.679], [203.17, 2.701], [204.27, 2.743], [205.36, 2.768], [206.45, 2.77], [207.55, 2.798], [208.53, 2.857], [209.62, 2.904], [210.84, 2.926], [211.81, 2.857], [213.05, 2.792], [214.12, 2.844], [215.09, 2.881], [216.19, 2.922], [217.28, 2.971], [218.38, 3.024], [219.47, 3.064], [220.58, 3.072], [221.67, 3.044], [222.77, 3.12], [223.86, 3.188], [224.95, 3.262], [226.05, 3.332], [227.14, 3.413], [228.23, 3.647], [229.33, 3.734], [230.3, 3.936], [231.39, 4.287], [232.5, 4.409], [233.59, 4.54], [234.69, 4.665], [235.78, 4.838], [236.88, 5.006], [237.97, 5.166], [239.06, 5.37], [240.16, 5.545], [241.12, 5.766], [242.22, 6.038], [243.33, 6.315], [244.42, 6.635], [245.52, 6.899], [246.62, 7.278], [247.72, 7.496], [248.83, 7.496], [249.92, 7.824], [251.03, 7.502], [252.12, 7.214], [253.22, 7.157], [254.33, 7.114], [255.42, 7.105], [256.53, 7.081]]
CLUSTERS-4:
[[258.75, 10.891], [259.83, 11.07], [260.94, 11.047], [262.03, 11.173], [263.12, 11.081], [264.23, 11.139], [265.33, 11.302], [266.44, 11.314], [267.53, 11.302], [268.64, 11.374], [269.73, 11.483], [270.83, 11.62], [271.94, 11.734], [273.03, 11.67], [274.14, 11.708], [275.23, 11.57], [276.34, 11.645], [277.44, 11.67], [278.55, 11.734], [279.64, 12.09], [280.73, 11.995]]
CLUSTERS-5:
[[281.83, 8.295], [282.92, 7.951], [284.02, 8.064], [285.11, 8.077]]
CLUSTERS-6:
[[286.2, 13.056], [287.31, 13.233], [290.59, 13.6], [291.69, 13.756]]
CLUSTERS-7:
[[295.09, 4.882], [296.2, 4.708], [297.3, 4.571], [298.39, 4.395], [299.48, 4.295], [300.58, 4.152], [301.67, 4.036], [302.89, 3.953], [303.98, 3.829], [305.09, 3.494], [306.19, 3.404], [307.28, 3.349], [308.38, 3.266], [309.47, 3.195], [310.56, 3.14], [311.66, 3.221], [312.75, 3.262], [313.86, 3.245], [314.95, 3.163], [316.05, 3.238], [317.16, 3.236], [318.25, 3.3], [319.36, 3.412], [320.45, 3.506], [321.56, 3.597], [322.66, 3.716], [323.77, 3.845], [324.73, 4.212]]
CLUSTERS-8:
[[325.84, 4.917], [326.95, 5.113], [328.05, 5.281], [329.14, 5.514]]
CLUSTERS-9:
[[330.5, 2.657], [331.59, 2.64], [332.69, 2.605], [333.8, 2.593], [334.89, 2.57], [336.0, 2.555], [337.09, 2.53], [338.2, 2.511], [339.3, 2.503], [340.41, 2.489], [341.5, 2.479], [342.61, 2.472], [343.7, 2.451], [344.81, 2.437], [345.91, 2.427], [347.02, 2.432], [348.11, 2.408], [349.22, 2.395], [350.31, 2.39], [351.67, 2.374], [352.89, 2.381], [353.88, 2.368]]
CLUSTERS-10:
[[355.22, 1.79], [356.31, 1.737], [357.41, 1.718], [358.52, 1.714], [359.73, 1.644]]
NEAREST OBJECT: [0.9392223297373062, 1.7175316646470502]
ERROR ADDED TO TRACK:[-1.7566196293542333, 0.5023950667878094]
LAST TRACKED POINT: [0.9392223297373062, 1.7175316646470502]
MEAN VALUES:
mean-0: [2.368740252493091, 1.3542534710608225]
mean-1: [3.5299622968784923, 6.221850153850024]
mean-2: [3.8954825169144893, 8.133709738517227]
mean-3: [-1.7566196293542333, 0.5023950667878094]
mean-4: [-2.1333102912764503, -7.015240932439383]
mean-5: [-0.040961323665372994, -11.37041926501303]
mean-6: [1.866839340827077, -7.872034211476102]
mean-7: [4.799697918025398, -12.820542647212545]
mean-8: [2.3055237899668204, -2.8271599191815855]
mean-9: [4.380071901669379, -2.784617698995976]
mean-10: [2.3307566092721785, -1.0939340273774905]
mean-11: [1.5304791751841564, -0.4223507022806794]
CLUSTERS-0:
[[1.59, 2.371], [2.69, 2.375], [3.91, 2.38], [4.88, 2.392], [5.97, 2.405], [7.06, 2.413], [8.16, 2.423], [9.25, 2.429], [10.34, 2.445], [11.45, 2.451], [12.55, 2.458], [13.64, 2.482], [14.73, 2.492], [15.83, 2.5], [16.92, 2.523], [18.02, 2.536], [19.11, 2.551], [20.2, 2.585], [21.3, 2.599], [22.41, 2.63], [23.5, 2.666], [24.61, 2.677], [25.69, 2.702], [26.78, 2.75], [27.89, 2.772], [28.86, 2.808], [30.08, 2.841], [31.17, 2.892], [32.14, 2.944], [33.25, 2.969], [34.34, 3.022], [35.44, 3.048], [36.53, 3.122], [37.64, 3.155], [38.73, 3.233], [39.83, 3.275], [40.92, 3.356], [42.02, 3.169], [43.12, 2.933], [44.22, 3.008], [45.31, 3.042], [46.41, 3.112], [47.52, 3.164], [48.61, 3.236], [49.7, 3.294], [50.8, 3.375], [51.89, 3.431], [53.0, 3.54], [54.09, 3.696]]
CLUSTERS-1:
[[59.31, 6.899], [60.41, 7.176], [61.5, 7.388]]
CLUSTERS-2:
[[62.59, 9.087], [64.78, 9.018], [65.88, 8.958]]
CLUSTERS-3:
[[67.22, 3.185], [68.31, 3.175], [69.41, 3.17], [70.5, 3.143], [71.59, 3.13], [72.69, 3.101], [73.78, 3.088], [74.88, 3.08], [75.95, 3.074], [77.05, 3.065], [78.14, 3.058], [79.23, 3.068], [80.33, 3.037], [81.42, 3.051], [82.52, 3.024], [83.61, 3.03], [84.7, 3.042], [85.8, 3.012], [86.89, 3.032], [87.98, 2.857], [89.2, 2.875], [90.3, 2.887], [91.41, 2.916], [92.48, 2.945], [93.44, 2.947], [94.53, 2.967], [95.62, 2.983], [96.72, 3.006], [97.81, 3.041], [98.89, 3.05], [99.98, 3.092], [101.08, 3.129], [102.17, 3.168], [103.27, 3.215], [104.34, 3.234], [105.44, 3.24], [106.53, 3.256], [107.62, 3.275], [108.72, 3.312], [109.81, 3.328], [110.89, 3.373], [111.98, 3.395], [113.08, 3.437], [114.17, 3.463], [115.27, 3.509], [116.34, 3.544], [117.44, 3.57], [118.53, 3.616], [119.62, 3.675], [120.72, 3.711], [121.8, 3.686], [122.89, 3.593], [123.98, 3.565], [125.08, 3.51], [126.17, 3.514], [127.27, 3.415], [128.36, 3.366], [129.45, 3.286], [130.56, 3.361], [131.66, 3.362], [132.75, 3.325], [133.86, 3.25], [134.95, 3.204], [136.06, 3.149], [137.16, 3.113], [138.25, 3.062], [139.36, 3.025], [140.45, 2.998], [141.55, 2.963], [142.78, 2.907], [143.88, 2.832], [144.98, 2.806], [146.08, 2.775], [147.17, 2.753], [148.28, 2.725], [149.38, 2.723], [150.47, 2.685], [151.58, 2.677], [152.67, 2.666], [153.78, 2.652], [154.88, 2.618], [155.97, 2.59], [157.08, 2.451], [158.17, 2.404], [159.27, 2.398], [160.5, 2.38], [161.47, 2.366], [162.58, 2.357], [163.67, 2.383], [164.77, 2.341], [165.86, 2.346], [166.95, 2.316], [168.17, 2.305], [169.27, 2.321], [170.23, 2.316], [171.34, 2.315], [172.56, 2.298], [173.67, 2.302], [174.62, 2.295], [175.72, 2.365], [176.81, 2.35], [177.91, 2.354], [179.0, 2.35], [180.11, 2.456], [181.2, 2.429], [182.3, 2.613], [183.39, 2.423], [184.48, 2.464], [185.58, 2.47], [186.67, 2.476], [187.77, 2.485], [188.88, 2.498], [189.97, 2.502], [191.06, 2.509], [192.16, 2.523], [193.25, 2.527], [194.34, 2.54], [195.44, 2.56], [196.53, 2.583], [197.64, 2.602], [198.73, 2.608], [199.83, 2.639], [200.92, 2.671], [202.02, 2.677], [203.11, 2.701], [204.2, 2.747], [205.31, 2.768], [206.41, 2.78], [207.5, 2.8], [208.47, 2.857], [209.56, 2.89], [210.66, 2.927], [211.75, 2.858], [212.97, 2.791], [214.06, 2.844], [215.05, 2.88], [216.14, 2.922], [217.23, 2.964], [218.33, 3.023], [219.42, 3.057], [220.52, 3.069], [221.61, 3.043], [222.7, 3.116], [223.81, 3.183], [224.91, 3.255], [226.0, 3.317], [227.11, 3.407], [228.19, 3.638], [229.28, 3.738], [230.25, 3.913], [231.34, 4.294], [232.45, 4.411], [233.55, 4.523], [234.64, 4.673], [235.73, 4.823], [236.83, 5.001], [237.92, 5.176], [239.03, 5.368], [240.12, 5.528], [241.22, 5.741], [242.19, 5.958], [243.28, 6.278], [244.39, 6.607], [245.48, 6.931], [246.58, 7.253], [247.67, 7.523], [248.77, 7.455]]
CLUSTERS-4:
[[249.88, 7.887], [250.97, 7.635], [252.06, 7.239], [253.16, 7.195], [254.25, 7.157], [255.34, 7.166], [256.45, 7.086]]
CLUSTERS-5:
[[258.64, 11.002], [259.73, 11.002], [260.83, 11.047], [261.94, 11.116], [263.03, 11.116], [264.12, 11.197], [265.22, 11.243], [266.31, 11.255], [267.42, 11.302], [268.52, 11.243], [269.61, 11.459], [270.72, 11.508], [271.81, 11.759], [272.91, 11.734], [274.02, 11.798], [275.11, 11.595], [276.2, 11.595], [277.31, 11.607], [278.41, 11.747], [279.5, 12.009], [280.61, 12.063]]
CLUSTERS-6:
[[281.7, 8.301], [282.8, 7.987], [283.91, 8.01], [285.0, 8.071]]
CLUSTERS-7:
[[287.2, 13.381], [290.5, 13.756], [291.59, 13.704], [292.69, 13.952]]
CLUSTERS-8:
[[295.02, 4.869], [296.11, 4.739], [297.22, 4.567], [298.31, 4.413], [299.41, 4.278], [300.52, 4.164], [301.61, 4.039], [302.72, 3.961], [303.94, 3.857], [305.05, 3.502], [306.14, 3.409], [307.27, 3.353], [308.34, 3.27], [309.45, 3.212], [310.55, 3.14], [311.66, 3.2], [312.75, 3.266], [313.86, 3.25], [314.95, 3.177], [316.06, 3.23], [317.16, 3.232], [318.27, 3.288], [319.36, 3.402], [320.47, 3.499], [321.56, 3.603], [322.67, 3.717], [323.77, 3.831], [324.75, 4.041]]
CLUSTERS-9:
[[325.84, 4.895], [326.95, 5.088], [328.05, 5.275], [329.16, 5.508]]
CLUSTERS-10:
[[330.5, 2.656], [331.61, 2.641], [332.7, 2.616], [333.81, 2.595], [334.91, 2.565], [336.02, 2.554], [337.11, 2.534], [338.22, 2.521], [339.31, 2.519]]
CLUSTERS-11:
[[340.66, 1.658], [341.88, 1.622], [342.97, 1.577], [344.06, 1.532], [345.16, 1.52], [346.25, 1.518], [347.34, 1.605], [348.31, 1.682]]
NEAREST OBJECT: [0.9392223297373062, 1.7175316646470502]
ERROR ADDED TO TRACK:[-1.623914811343943, 1.150037993547568]
LAST TRACKED POINT: [0.9392223297373062, 1.7175316646470502]
MEAN VALUES:
mean-0: [2.4391244971830073, 1.0145390861894499]
mean-1: [2.1455312998384426, 2.455991641825848]
mean-2: [3.5405105274107758, 6.082410759736216]
mean-3: [4.016208449597275, 8.085698581288625]
mean-4: [-1.623914811343943, 1.150037993547568]
mean-5: [-2.7551344632004016, -4.6152004200403836]
mean-6: [-2.761960753797417, -7.10341637868946]
mean-7: [-1.943504012444631, -6.871942013507809]
mean-8: [-0.20088063648118082, -11.354263534945916]
mean-9: [1.966912997814457, -7.909229029961395]
mean-10: [2.274176903105955, -2.939252566426072]
mean-11: [1.3802691689008304, -0.7947189362691902]
CLUSTERS-0:
[[1.09, 2.372], [2.2, 2.377], [3.3, 2.383], [4.39, 2.403], [5.48, 2.407], [6.58, 2.408], [7.67, 2.421], [8.77, 2.424], [9.86, 2.43], [10.95, 2.45], [12.05, 2.456], [13.14, 2.472], [14.25, 2.488], [15.34, 2.496], [16.44, 2.517], [17.53, 2.529], [18.62, 2.543], [19.72, 2.583], [20.81, 2.592], [21.91, 2.612], [23.0, 2.651], [24.09, 2.668], [25.19, 2.686], [26.3, 2.712], [27.39, 2.758], [28.48, 2.802], [29.45, 2.822], [30.67, 2.878], [31.64, 2.919], [32.73, 2.964], [33.83, 2.99], [34.92, 3.042], [36.02, 3.102], [37.12, 3.144], [38.2, 3.219], [39.3, 3.253], [40.39, 3.293], [41.48, 3.379]]
CLUSTERS-1:
[[42.58, 2.919], [43.66, 2.967], [44.75, 3.022], [45.84, 3.087], [46.94, 3.138], [48.03, 3.195], [49.11, 3.269], [50.2, 3.338], [51.3, 3.41], [52.39, 3.502], [53.48, 3.615], [54.58, 3.757]]
CLUSTERS-2:
[[58.69, 6.877], [59.78, 6.971], [60.86, 7.268]]
CLUSTERS-3:
[[61.95, 9.056], [63.05, 9.087], [64.14, 9.049], [65.23, 8.929]]
CLUSTERS-4:
[[66.56, 3.213], [67.66, 3.18], [68.75, 3.174], [69.84, 3.17], [70.94, 3.135], [72.03, 3.102], [73.12, 3.095], [74.22, 3.088], [75.31, 3.079], [76.41, 3.069], [77.5, 3.064], [78.59, 3.062], [79.69, 3.06], [80.78, 3.036], [81.88, 3.032], [82.97, 3.028], [84.08, 3.032], [85.17, 3.024], [86.27, 3.019], [87.36, 3.082], [88.45, 2.87], [89.67, 2.879], [90.77, 2.888], [91.73, 2.919], [92.83, 2.946], [93.92, 2.955], [95.02, 2.976], [96.12, 2.993], [97.22, 3.026], [98.31, 3.054], [99.41, 3.081], [100.5, 3.119], [101.59, 3.137], [102.69, 3.184], [103.78, 3.223], [104.88, 3.209], [105.97, 3.248], [107.08, 3.267], [108.17, 3.282], [109.27, 3.318], [110.36, 3.359], [111.45, 3.378], [112.55, 3.422], [113.64, 3.449], [114.73, 3.469], [115.83, 3.527], [116.92, 3.557], [118.02, 3.61], [119.11, 3.652], [120.2, 3.688], [121.3, 3.743], [122.39, 3.644], [123.48, 3.559], [124.59, 3.543], [125.69, 3.502], [126.78, 3.484], [127.88, 3.39], [128.97, 3.343], [130.08, 3.34], [131.16, 3.376], [132.25, 3.324], [133.34, 3.273], [134.44, 3.218], [135.53, 3.16], [136.62, 3.127], [137.72, 3.086], [138.81, 3.049], [139.92, 3.02], [141.0, 2.976], [142.11, 2.937], [143.33, 2.879], [144.42, 2.832], [145.52, 2.784], [146.62, 2.768], [147.72, 2.754], [148.81, 2.71], [149.92, 2.695], [151.02, 2.691], [152.11, 2.66], [153.22, 2.621], [154.31, 2.641], [155.41, 2.615], [156.52, 2.596], [157.61, 2.442], [158.7, 2.406], [159.81, 2.383], [160.91, 2.4], [162.0, 2.357], [163.09, 2.36], [164.2, 2.349], [165.42, 2.326], [167.62, 2.314], [168.59, 2.315], [169.81, 2.307], [170.92, 2.314], [171.89, 2.3], [173.11, 2.294], [174.22, 2.289], [175.31, 2.29], [176.41, 2.327], [177.39, 2.349], [178.48, 2.352], [179.58, 2.364], [180.67, 2.464], [181.77, 2.448], [182.86, 2.619], [183.95, 2.394], [185.05, 2.459], [186.16, 2.471], [187.25, 2.487], [188.34, 2.485], [189.44, 2.495], [190.55, 2.513], [191.62, 2.52], [192.72, 2.529], [193.81, 2.531], [194.92, 2.546], [196.02, 2.586], [197.11, 2.586], [198.2, 2.6], [199.3, 2.622], [200.39, 2.645], [201.48, 2.671], [202.58, 2.695], [203.69, 2.727], [204.78, 2.753], [205.88, 2.776], [206.97, 2.796], [208.06, 2.847], [209.16, 2.862], [210.12, 2.908], [211.22, 2.889], [212.45, 2.815], [213.55, 2.835], [214.52, 2.86], [215.61, 2.89], [216.83, 2.952], [217.8, 2.991], [218.89, 3.04], [219.98, 3.087], [221.08, 3.036], [222.19, 3.057], [223.27, 3.142], [224.36, 3.231], [225.45, 3.291], [226.55, 3.369], [227.64, 3.584], [228.73, 3.695], [229.83, 3.768]]
CLUSTERS-5:
[[230.8, 4.209], [231.89, 4.344], [232.98, 4.471], [234.08, 4.61], [235.17, 4.724], [236.27, 4.904], [237.36, 5.06], [238.45, 5.247], [239.55, 5.447], [240.64, 5.639], [241.73, 5.879], [242.7, 6.124], [243.8, 6.425], [244.89, 6.739], [245.98, 7.072]]
CLUSTERS-6:
[[247.08, 7.475], [248.17, 7.46], [249.27, 7.624], [250.38, 7.934]]
CLUSTERS-7:
[[251.47, 7.263], [252.58, 7.19], [253.67, 7.152], [254.78, 7.109], [255.88, 7.086], [256.97, 7.072]]
CLUSTERS-8:
[[258.08, 10.924], [259.17, 10.924], [260.28, 11.036], [261.38, 11.002], [262.48, 11.173], [263.58, 11.185], [264.69, 11.338], [265.78, 11.422], [266.88, 11.267], [267.98, 11.398], [269.08, 11.508], [270.19, 11.557], [271.28, 11.545], [272.39, 11.582], [273.48, 11.824], [275.69, 11.632], [276.78, 11.824], [277.89, 11.67], [278.98, 11.772], [280.09, 12.103]]
CLUSTERS-9:
[[282.3, 7.969], [283.39, 8.034], [284.48, 8.107], [285.58, 8.498]]
CLUSTERS-10:
[[293.36, 4.997], [294.45, 5.013], [295.55, 4.821], [296.64, 4.659], [297.73, 4.502], [298.83, 4.366], [299.92, 4.23], [301.02, 4.104], [302.11, 4.008], [303.33, 3.914], [304.42, 3.751], [305.52, 3.458], [306.61, 3.374], [307.7, 3.308], [308.8, 3.241], [309.89, 3.157], [310.98, 3.152], [312.08, 3.237], [313.17, 3.299], [314.27, 3.23], [315.36, 3.184], [316.45, 3.368], [317.56, 3.272], [318.66, 3.351], [319.75, 3.439], [320.86, 3.547], [321.95, 3.646], [323.06, 3.755], [324.16, 3.907]]
CLUSTERS-11:
[[325.64, 1.732], [326.86, 1.644], [327.83, 1.616], [329.06, 1.607], [330.16, 1.519], [331.27, 1.5], [332.36, 1.52], [333.47, 1.55], [334.56, 1.665]]
NEAREST OBJECT: [0.9392223297373062, 1.7175316646470502]
ERROR ADDED TO TRACK:[-1.634847907465922, 1.1384591679870872]
LAST TRACKED POINT: [0.9392223297373062, 1.7175316646470502]
MEAN VALUES:
mean-0: [2.4393154299425976, 1.0285902954140365]
mean-1: [2.144945800615241, 2.4840598242294347]
mean-2: [3.53705981990455, 6.1625383685227915]
mean-3: [3.943268235223865, 8.13029532447245]
mean-4: [-1.634847907465922, 1.1384591679870872]
mean-5: [-2.7645395388519796, -4.917539179595016]
mean-6: [-1.9318407888456985, -6.8994953663789325]
mean-7: [-0.1782938402292335, -11.32457229546029]
mean-8: [1.967913799441272, -7.837075088318477]
mean-9: [2.0805243280769887, -3.3069113700200594]
mean-10: [1.147928711424537, -1.0666803569563763]
mean-11: [4.279215249968756, -2.771988366657611]
CLUSTERS-0:
[[1.38, 2.372], [2.47, 2.371], [3.69, 2.391], [4.66, 2.388], [5.75, 2.411], [6.84, 2.412], [7.94, 2.419], [9.03, 2.423], [10.12, 2.434], [11.22, 2.451], [12.31, 2.456], [13.41, 2.481], [14.5, 2.489], [15.59, 2.502], [16.69, 2.522], [17.78, 2.531], [18.88, 2.555], [19.97, 2.57], [21.06, 2.602], [22.16, 2.618], [23.25, 2.657], [24.36, 2.675], [25.45, 2.695], [26.55, 2.743], [27.64, 2.768], [28.61, 2.808], [29.83, 2.832], [30.81, 2.889], [31.91, 2.918], [33.0, 2.962], [34.09, 3.016], [35.19, 3.044], [36.28, 3.115], [37.38, 3.145], [38.48, 3.204], [39.58, 3.269], [40.67, 3.333], [41.77, 3.389]]
CLUSTERS-1:
[[42.86, 2.928], [43.95, 2.982], [45.06, 3.031], [46.16, 3.09], [47.25, 3.151], [48.34, 3.229], [49.44, 3.288], [50.53, 3.348], [51.64, 3.424], [52.73, 3.529], [53.81, 3.667], [54.91, 3.803]]
CLUSTERS-2:
[[59.03, 6.895], [60.12, 7.091], [61.22, 7.333]]
CLUSTERS-3:
[[62.31, 9.11], [64.5, 9.003], [65.59, 9.003]]
CLUSTERS-4:
[[66.94, 3.2], [68.03, 3.177], [69.12, 3.169], [70.22, 3.165], [71.31, 3.15], [72.42, 3.117], [73.5, 3.1], [74.59, 3.083], [75.69, 3.073], [76.78, 3.069], [77.88, 3.064], [78.97, 3.058], [80.06, 3.055], [81.16, 3.053], [82.27, 3.049], [83.34, 3.026], [84.44, 3.031], [85.53, 3.021], [86.62, 3.023], [87.83, 2.886], [88.8, 2.874], [90.02, 2.879], [90.98, 2.895], [92.19, 2.906], [93.16, 2.953], [94.38, 2.955], [95.34, 2.978], [96.42, 2.996], [97.52, 3.03], [98.61, 3.065], [99.7, 3.087], [100.78, 3.128], [101.88, 3.162], [102.97, 3.189], [104.06, 3.244], [105.14, 3.213], [106.23, 3.253], [107.33, 3.264], [108.42, 3.311], [109.5, 3.332], [110.59, 3.362], [111.69, 3.387], [112.78, 3.405], [113.86, 3.458], [114.95, 3.503], [116.05, 3.534], [117.14, 3.562], [118.22, 3.616], [119.31, 3.661], [120.41, 3.698], [121.5, 3.707], [122.59, 3.609], [123.69, 3.561], [124.78, 3.529], [125.89, 3.54], [126.98, 3.432], [128.08, 3.379], [129.17, 3.336], [130.28, 3.349], [131.38, 3.408], [132.47, 3.321], [133.56, 3.254], [134.67, 3.223], [135.77, 3.153], [136.86, 3.122], [137.95, 3.059], [139.06, 3.04], [140.16, 3.01], [141.25, 2.947], [142.34, 2.913], [143.58, 2.839], [144.67, 2.829], [145.77, 2.78], [146.86, 2.766], [147.97, 2.74], [149.06, 2.718], [150.16, 2.704], [151.25, 2.67], [152.36, 2.66], [153.45, 2.655], [154.55, 2.669], [155.64, 2.633], [156.75, 2.571], [157.84, 2.444], [158.94, 2.398], [160.03, 2.377], [161.12, 2.36], [162.22, 2.353], [163.31, 2.368], [164.41, 2.344], [165.64, 2.319], [166.61, 2.323], [167.83, 2.306], [168.92, 2.314], [170.02, 2.296], [170.98, 2.31], [172.2, 2.297], [173.3, 2.312], [174.41, 2.301], [175.38, 2.304], [176.48, 2.305], [177.56, 2.324], [178.66, 2.46], [179.75, 2.376], [180.84, 2.456], [181.94, 2.465], [183.05, 2.369], [184.14, 2.398], [185.23, 2.487], [186.33, 2.48], [187.42, 2.484], [188.52, 2.492], [189.61, 2.515], [190.7, 2.521], [191.81, 2.519], [192.91, 2.528], [194.0, 2.54], [195.09, 2.547], [196.19, 2.585], [197.28, 2.594], [198.38, 2.602], [199.47, 2.636], [200.56, 2.662], [201.66, 2.671], [202.75, 2.691], [203.84, 2.744], [204.94, 2.755], [206.03, 2.779], [207.12, 2.817], [208.22, 2.853], [209.2, 2.873], [210.3, 2.91], [211.52, 2.877], [212.61, 2.81], [213.7, 2.837], [214.8, 2.867], [215.77, 2.91], [216.86, 2.96], [217.97, 2.997], [219.05, 3.048], [220.14, 3.105], [221.23, 3.029], [222.33, 3.104], [223.42, 3.149], [224.52, 3.239], [225.61, 3.303], [226.72, 3.382], [227.81, 3.604], [228.91, 3.712], [230.0, 3.803]]
CLUSTERS-5:
[[230.97, 4.243], [232.06, 4.335], [233.16, 4.502], [234.25, 4.625], [235.34, 4.757], [236.44, 4.917], [237.53, 5.115], [238.62, 5.299], [239.72, 5.483], [240.81, 5.689], [241.91, 5.879], [242.88, 6.184], [243.98, 6.456], [245.08, 6.786], [246.17, 7.143], [247.27, 7.465], [248.36, 7.434]]
CLUSTERS-6:
[[251.64, 7.268], [252.73, 7.249], [253.83, 7.157], [254.92, 7.143], [256.02, 7.109], [257.11, 7.086]]
CLUSTERS-7:
[[258.2, 11.002], [259.3, 10.968], [260.39, 11.139], [261.5, 11.173], [262.59, 11.173], [263.7, 10.979], [264.8, 11.279], [265.91, 11.232], [267.0, 11.243], [268.11, 11.471], [269.2, 11.326], [270.31, 11.422], [271.41, 11.582], [272.52, 11.595], [273.61, 11.582], [275.81, 11.582], [276.92, 11.747], [278.02, 11.696], [279.14, 11.863], [280.22, 12.036]]
CLUSTERS-8:
[[282.42, 7.945], [283.53, 7.981], [284.62, 8.089], [285.73, 8.314]]
CLUSTERS-9:
[[294.67, 5.004], [295.77, 4.817], [296.88, 4.645], [297.97, 4.491], [299.06, 4.351], [300.16, 4.202], [301.25, 4.093], [302.34, 3.999], [303.44, 3.904], [304.67, 3.61], [305.77, 3.427], [306.86, 3.369], [307.97, 3.306], [309.05, 3.235], [310.14, 3.151], [311.25, 3.154]]
CLUSTERS-10:
[[312.72, 1.729], [313.94, 1.622], [315.03, 1.59], [316.12, 1.576], [317.22, 1.573], [318.31, 1.551], [319.42, 1.501], [320.64, 1.477], [321.61, 1.502]]
CLUSTERS-11:
[[325.38, 4.849], [326.47, 4.992], [327.56, 5.169], [328.66, 5.389]]
NEAREST OBJECT: [0.9392223297373062, 1.7175316646470502]
ERROR ADDED TO TRACK:[-1.639798610619739, 1.1301401900090484]
LAST TRACKED POINT: [0.9392223297373062, 1.7175316646470502]
MEAN VALUES:
mean-0: [2.369468937268563, 1.3521930043930486]
mean-1: [3.531970770618484, 6.187359471757251]
mean-2: [3.906757725315021, 8.097650238134255]
mean-3: [-1.639798610619739, 1.1301401900090484]
mean-4: [-2.7617591885396386, -5.245359569124597]
mean-5: [-1.9594963559757794, -6.8722516230218105]
mean-6: [-0.05844120632818137, -11.333854766796058]
mean-7: [1.8627402527857746, -7.90020988060602]
mean-8: [4.574736575105227, -12.780853800069758]
mean-9: [2.0890360378273285, -4.0993156244202735]
mean-10: [0.8129966223539322, -1.14859346786258]
mean-11: [2.5851795135091207, -2.2653045648143135]
mean-12: [4.327457339781798, -2.784812551252431]
CLUSTERS-0:
[[1.56, 2.37], [2.66, 2.375], [3.75, 2.39], [4.86, 2.39], [5.95, 2.408], [7.05, 2.413], [8.14, 2.42], [9.23, 2.429], [10.33, 2.436], [11.42, 2.451], [12.52, 2.462], [13.62, 2.479], [14.72, 2.492], [15.81, 2.499], [16.91, 2.522], [18.0, 2.534], [19.09, 2.549], [20.19, 2.585], [21.28, 2.6], [22.39, 2.633], [23.48, 2.661], [24.58, 2.677], [25.67, 2.7], [26.77, 2.751], [27.86, 2.772], [28.83, 2.808], [30.05, 2.847], [31.03, 2.89], [32.12, 2.941], [33.22, 2.966], [34.31, 3.005], [35.41, 3.046], [36.5, 3.12], [37.59, 3.155], [38.69, 3.23], [39.8, 3.272], [40.88, 3.358], [41.97, 3.194], [43.19, 2.934], [44.16, 2.989], [45.23, 3.036], [46.33, 3.109], [47.42, 3.155], [48.52, 3.238], [49.61, 3.303], [50.69, 3.374], [51.78, 3.444], [52.88, 3.538], [53.97, 3.69]]
CLUSTERS-1:
[[59.17, 6.864], [60.25, 7.109], [61.34, 7.403]]
CLUSTERS-2:
[[62.44, 9.049], [64.61, 8.958], [65.7, 8.973]]
CLUSTERS-3:
[[67.05, 3.184], [68.14, 3.175], [69.23, 3.174], [70.31, 3.158], [71.41, 3.132], [72.5, 3.1], [73.59, 3.093], [74.69, 3.081], [75.78, 3.074], [76.88, 3.067], [77.97, 3.062], [79.06, 3.062], [80.16, 3.056], [81.25, 3.049], [82.34, 3.024], [83.44, 3.03], [84.53, 3.024], [85.62, 3.013], [86.73, 3.025], [87.95, 2.863], [89.05, 2.876], [90.02, 2.891], [91.11, 2.913], [92.2, 2.923], [93.3, 2.95], [94.39, 2.964], [95.48, 2.988], [96.58, 3.02], [97.67, 3.037], [98.78, 3.068], [99.88, 3.088], [100.97, 3.128], [102.06, 3.147], [103.16, 3.196], [104.25, 3.276], [105.34, 3.215], [106.44, 3.253], [107.53, 3.286], [108.62, 3.311], [109.73, 3.349], [110.83, 3.372], [111.92, 3.395], [113.02, 3.434], [114.11, 3.46], [115.2, 3.487], [116.3, 3.537], [117.39, 3.566], [118.48, 3.638], [119.58, 3.672], [120.67, 3.702], [121.77, 3.69], [122.86, 3.598], [123.95, 3.568], [125.05, 3.517], [126.14, 3.518], [127.23, 3.426], [128.33, 3.368], [129.42, 3.311], [130.52, 3.356], [131.61, 3.379], [132.7, 3.334], [133.8, 3.256], [134.89, 3.219], [135.98, 3.156], [137.08, 3.111], [138.17, 3.055], [139.27, 3.023], [140.36, 2.998], [141.45, 2.941], [142.55, 2.881], [143.77, 2.837], [144.88, 2.818], [145.97, 2.78], [147.06, 2.77], [148.16, 2.734], [149.27, 2.716], [150.36, 2.675], [151.45, 2.669], [152.55, 2.673], [153.66, 2.663], [154.75, 2.661], [155.84, 2.61], [156.94, 2.512], [158.05, 2.422], [159.14, 2.412], [160.23, 2.364], [161.33, 2.36], [162.44, 2.357], [163.53, 2.394], [164.75, 2.337], [165.84, 2.326], [166.95, 2.307], [167.92, 2.305], [169.14, 2.319], [170.11, 2.305], [171.34, 2.318], [172.31, 2.334], [173.41, 2.305], [174.62, 2.308], [175.61, 2.384], [176.83, 2.311], [177.8, 2.343], [178.89, 2.534], [180.0, 2.346], [181.09, 2.463], [182.19, 2.421], [183.28, 2.424], [184.38, 2.474], [185.47, 2.475], [186.56, 2.478], [187.67, 2.481], [188.77, 2.496], [189.86, 2.504], [190.95, 2.529], [192.05, 2.528], [193.14, 2.534], [194.25, 2.542], [195.34, 2.554], [196.44, 2.588], [197.53, 2.601], [198.62, 2.605], [199.72, 2.638], [200.81, 2.665], [201.92, 2.67], [203.02, 2.697], [204.11, 2.741], [205.2, 2.761], [206.3, 2.78], [207.39, 2.819], [208.38, 2.86], [209.47, 2.903], [210.69, 2.926], [211.78, 2.862], [212.88, 2.789], [213.97, 2.842], [215.08, 2.876], [216.05, 2.918], [217.14, 2.967], [218.23, 3.018], [219.33, 3.056], [220.42, 3.076], [221.52, 3.036], [222.61, 3.113], [223.7, 3.16], [224.8, 3.248], [225.89, 3.318], [226.98, 3.397], [228.08, 3.616], [229.17, 3.724], [230.27, 3.835]]
CLUSTERS-4:
[[231.23, 4.277], [232.33, 4.393], [233.44, 4.521], [234.52, 4.649], [235.61, 4.821], [236.7, 4.978], [237.8, 5.149], [238.89, 5.304], [239.98, 5.52], [241.08, 5.732], [242.05, 5.978], [243.14, 6.256], [244.23, 6.586], [245.33, 6.882], [246.42, 7.219], [247.52, 7.512], [248.61, 7.47], [249.7, 7.835], [250.8, 8.144]]
CLUSTERS-5:
[[251.89, 7.249], [253.0, 7.138], [254.09, 7.162], [255.2, 7.095], [256.3, 7.1]]
CLUSTERS-6:
[[258.5, 10.858], [259.61, 10.968], [260.7, 11.036], [261.81, 11.104], [262.91, 11.047], [264.02, 11.116], [265.11, 11.093], [266.22, 11.232], [267.31, 11.255], [268.41, 11.422], [269.52, 11.435], [270.61, 11.447], [271.72, 11.471], [272.81, 11.683], [273.92, 11.696], [275.02, 11.696], [276.12, 11.708], [277.22, 11.696], [278.33, 11.785], [279.42, 11.903], [280.55, 11.982]]
CLUSTERS-7:
[[281.62, 8.353], [282.73, 7.987], [283.83, 8.058], [284.94, 8.077]]
CLUSTERS-8:
[[287.11, 13.265], [290.39, 13.583], [291.48, 13.898]]
CLUSTERS-9:
[[294.89, 4.924], [295.98, 4.764], [297.08, 4.582], [298.17, 4.436], [299.27, 4.307]]
CLUSTERS-10:
[[300.98, 1.552], [302.08, 1.467], [303.17, 1.449], [304.27, 1.432], [305.48, 1.424], [306.58, 1.364], [307.67, 1.318], [308.77, 1.321], [309.86, 1.354]]
CLUSTERS-11:
[[312.52, 3.26], [313.61, 3.251], [314.7, 3.193], [315.8, 3.203], [316.89, 3.24], [317.98, 3.296], [319.08, 3.38], [320.17, 3.473], [321.27, 3.58], [322.36, 3.693], [323.47, 3.815], [324.44, 3.954]]
CLUSTERS-12:
[[325.55, 4.884], [326.64, 5.053], [327.73, 5.227], [328.84, 5.425]]
NEAREST OBJECT: [0.9392223297373062, 1.7175316646470502]
ERROR ADDED TO TRACK:[-1.6356624147861334, 1.1340565129424536]
LAST TRACKED POINT: [0.9392223297373062, 1.7175316646470502]
MEAN VALUES:
mean-0: [2.4389810650370465, 1.0259561324120547]
mean-1: [2.1490782737344314, 2.4806319802513905]
mean-2: [3.548003514989363, 6.158560938253113]
mean-3: [3.9431207617760116, 8.095173776131134]
mean-4: [-1.6356624147861334, 1.1340565129424536]
mean-5: [-2.7690550461125305, -4.954615053991558]
mean-6: [-1.9083667304861178, -6.895800177697256]
mean-7: [-0.09890369421148326, -11.361066098064063]
mean-8: [1.8889003667609374, -7.799906899487333]
mean-9: [0.5544396997363814, -1.2316508173260086]
mean-10: [2.3578069069296874, -2.477043973910784]
mean-11: [4.322290470475453, -2.778955880875389]
CLUSTERS-0:
[[1.31, 2.373], [2.41, 2.371], [3.52, 2.388], [4.72, 2.391], [5.7, 2.408], [6.8, 2.408], [7.89, 2.418], [8.98, 2.427], [10.08, 2.431], [11.17, 2.452], [12.27, 2.455], [13.36, 2.478], [14.45, 2.488], [15.55, 2.502], [16.64, 2.521], [17.75, 2.529], [18.84, 2.548], [19.94, 2.582], [21.03, 2.6], [22.12, 2.618], [23.22, 2.644], [24.31, 2.677], [25.41, 2.693], [26.5, 2.719], [27.59, 2.767], [28.58, 2.808], [29.78, 2.828], [30.88, 2.886], [31.84, 2.922], [32.94, 2.964], [34.03, 3.017], [35.12, 3.045], [36.22, 3.115], [37.31, 3.149], [38.41, 3.207], [39.5, 3.268], [40.59, 3.321], [41.69, 3.389]]
CLUSTERS-1:
[[42.78, 2.927], [43.88, 2.981], [44.97, 3.033], [46.06, 3.09], [47.16, 3.15], [48.25, 3.232], [49.34, 3.282], [50.44, 3.347], [51.53, 3.436], [52.62, 3.52], [53.72, 3.675], [54.81, 3.798]]
CLUSTERS-2:
[[58.94, 6.891], [60.03, 7.086], [61.12, 7.348]]
CLUSTERS-3:
[[62.22, 9.11], [64.41, 9.041], [65.5, 8.87]]
CLUSTERS-4:
[[66.84, 3.201], [67.95, 3.178], [69.05, 3.17], [70.14, 3.163], [71.23, 3.148], [72.34, 3.103], [73.44, 3.098], [74.53, 3.083], [75.64, 3.071], [76.73, 3.071], [77.83, 3.065], [78.92, 3.058], [80.03, 3.038], [81.12, 3.052], [82.22, 3.034], [83.33, 3.028], [84.42, 3.029], [85.52, 3.021], [86.61, 3.023], [87.84, 2.868], [88.94, 2.875], [90.03, 2.876], [91.02, 2.896], [92.23, 2.938], [93.2, 2.955], [94.3, 2.963], [95.41, 2.978], [96.5, 3.003], [97.59, 3.029], [98.7, 3.064], [99.78, 3.084], [100.88, 3.121], [101.97, 3.171], [103.06, 3.191], [104.16, 3.24], [105.25, 3.228], [106.34, 3.254], [107.44, 3.264], [108.53, 3.31], [109.62, 3.348], [110.7, 3.366], [111.8, 3.389], [112.89, 3.408], [113.98, 3.453], [115.08, 3.504], [116.17, 3.531], [117.27, 3.56], [118.36, 3.602], [119.45, 3.658], [120.55, 3.696], [121.64, 3.7], [122.72, 3.622], [123.81, 3.561], [124.91, 3.524], [126.0, 3.527], [127.09, 3.454], [128.19, 3.374], [129.28, 3.341], [130.38, 3.352], [131.48, 3.383], [132.56, 3.32], [133.66, 3.265], [134.75, 3.226], [135.84, 3.156], [136.94, 3.119], [138.05, 3.061], [139.14, 3.026], [140.23, 2.98], [141.33, 2.946], [142.44, 2.909], [143.66, 2.862], [144.75, 2.833], [145.86, 2.787], [146.95, 2.774], [148.05, 2.742], [149.14, 2.718], [150.25, 2.683], [151.34, 2.677], [152.44, 2.671], [153.55, 2.663], [154.64, 2.64], [155.73, 2.598], [156.83, 2.502], [157.94, 2.411], [159.03, 2.41], [160.12, 2.373], [161.23, 2.366], [162.33, 2.359], [163.42, 2.375], [164.53, 2.342], [165.62, 2.321], [166.84, 2.319], [167.81, 2.316], [169.05, 2.321], [170.02, 2.315], [171.11, 2.317], [172.33, 2.312], [173.42, 2.297], [174.39, 2.295], [175.48, 2.347], [176.59, 2.323], [177.81, 2.339], [178.78, 2.393], [180.0, 2.336], [180.97, 2.465], [182.06, 2.406], [183.17, 2.483], [184.27, 2.471], [185.36, 2.457], [186.45, 2.459], [187.55, 2.482], [188.64, 2.483], [189.73, 2.488], [190.84, 2.522], [191.95, 2.526], [193.03, 2.536], [194.12, 2.545], [195.22, 2.566], [196.31, 2.59], [197.42, 2.604], [198.52, 2.616], [199.61, 2.638], [200.7, 2.665], [201.8, 2.672], [202.89, 2.693], [204.0, 2.728], [205.09, 2.754], [206.19, 2.773], [207.16, 2.799], [208.25, 2.857], [209.47, 2.9], [210.56, 2.93], [211.66, 2.869], [212.75, 2.805], [213.84, 2.84], [214.94, 2.869], [216.03, 2.915], [217.0, 2.963], [218.09, 2.998], [219.19, 3.054], [220.28, 3.076], [221.39, 3.033], [222.48, 3.109], [223.59, 3.161], [224.67, 3.237], [225.77, 3.318], [226.86, 3.389], [227.95, 3.61], [229.05, 3.711], [230.14, 3.807]]
CLUSTERS-5:
[[231.11, 4.277], [232.2, 4.37], [233.3, 4.493], [234.39, 4.639], [235.48, 4.781], [236.58, 4.978], [237.67, 5.132], [238.78, 5.307], [239.88, 5.522], [240.97, 5.714], [241.94, 5.918], [243.03, 6.209], [244.12, 6.546], [245.22, 6.847], [246.31, 7.176], [247.42, 7.512], [248.52, 7.481]]
CLUSTERS-6:
[[251.8, 7.234], [252.89, 7.138], [253.98, 7.181], [255.08, 7.128], [256.19, 7.086], [257.28, 7.186]]
CLUSTERS-7:
[[258.38, 11.024], [259.47, 11.024], [260.56, 11.002], [261.66, 11.22], [262.75, 11.139], [263.84, 11.15], [264.95, 11.208], [266.05, 11.302], [267.14, 11.255], [268.23, 11.314], [269.33, 11.326], [270.42, 11.533], [271.52, 11.67], [272.61, 11.696], [273.72, 11.708], [274.81, 11.645], [275.91, 11.67], [277.03, 11.607], [278.11, 11.837], [279.2, 11.863], [280.31, 12.009]]
CLUSTERS-8:
[[282.52, 7.987], [283.61, 8.034], [284.7, 8.058]]
CLUSTERS-9:
[[288.75, 1.488], [289.86, 1.416], [291.09, 1.382], [292.19, 1.369], [293.28, 1.356], [294.38, 1.354], [295.48, 1.333], [296.72, 1.298], [297.67, 1.28], [298.78, 1.28], [299.88, 1.33]]
CLUSTERS-10:
[[302.42, 3.979], [303.53, 3.875], [304.75, 3.522], [305.86, 3.423], [306.95, 3.359], [308.05, 3.296], [309.16, 3.225], [310.25, 3.141], [311.36, 3.191], [312.45, 3.254], [313.56, 3.258], [314.66, 3.214], [315.77, 3.203], [316.86, 3.244], [317.97, 3.298], [319.06, 3.374], [320.17, 3.472], [321.27, 3.571], [322.38, 3.692], [323.47, 3.807], [324.45, 3.94]]
CLUSTERS-11:
[[325.55, 4.853], [326.66, 5.046], [327.77, 5.227], [328.86, 5.433]]
NEAREST OBJECT: [0.9392223297373062, 1.7175316646470502]
ERROR ADDED TO TRACK:[-1.6286153105355723, 1.1415370862900103]
LAST TRACKED POINT: [0.9392223297373062, 1.7175316646470502]
MEAN VALUES:
mean-0: [2.4385762404933566, 1.016627138363679]
mean-1: [2.146738847691671, 2.4646424797926625]
mean-2: [3.5428344647981294, 6.1068763260751355]
mean-3: [3.9989188767579082, 8.079200254871754]
mean-4: [-1.6286153105355723, 1.1415370862900103]
mean-5: [-2.7667436013873874, -4.923952555161766]
mean-6: [-1.9231796376150623, -6.885959754674545]
mean-7: [-1.0970786091818614, -11.147005103318405]
mean-8: [0.22413694947483875, -1.304160065304887]
mean-9: [2.291773298580265, -2.854501589601822]
mean-10: [4.305493447560212, -2.7796586328386765]
CLUSTERS-0:
[[1.12, 2.373], [2.22, 2.377], [3.33, 2.386], [4.42, 2.401], [5.52, 2.409], [6.61, 2.409], [7.7, 2.42], [8.81, 2.425], [9.91, 2.43], [11.0, 2.452], [12.09, 2.457], [13.19, 2.461], [14.28, 2.485], [15.38, 2.496], [16.47, 2.51], [17.58, 2.531], [18.67, 2.545], [19.77, 2.583], [20.86, 2.592], [21.95, 2.614], [23.05, 2.654], [24.14, 2.672], [25.23, 2.688], [26.34, 2.712], [27.44, 2.76], [28.53, 2.802], [29.5, 2.824], [30.59, 2.88], [31.69, 2.918], [32.78, 2.961], [33.88, 2.99], [34.98, 3.042], [36.08, 3.105], [37.17, 3.142], [38.27, 3.201], [39.38, 3.254], [40.45, 3.318], [41.55, 3.381]]
CLUSTERS-1:
[[42.64, 2.92], [43.75, 2.971], [44.83, 3.022], [45.92, 3.1], [47.02, 3.144], [48.11, 3.218], [49.22, 3.27], [50.28, 3.336], [51.38, 3.418], [52.47, 3.512], [53.56, 3.626], [54.66, 3.77]]
CLUSTERS-2:
[[58.77, 6.913], [59.86, 6.962], [60.95, 7.308]]
CLUSTERS-3:
[[62.03, 9.011], [63.12, 9.102], [64.22, 8.988], [65.31, 8.966]]
CLUSTERS-4:
[[66.66, 3.226], [67.73, 3.176], [68.83, 3.169], [69.92, 3.166], [71.02, 3.148], [72.11, 3.117], [73.19, 3.099], [74.28, 3.085], [75.38, 3.08], [76.47, 3.068], [77.56, 3.067], [78.66, 3.058], [79.75, 3.057], [80.86, 3.035], [81.94, 3.026], [83.03, 3.027], [84.12, 3.031], [85.22, 3.03], [86.33, 3.018], [87.42, 3.082], [88.52, 2.873], [89.73, 2.879], [90.7, 2.895], [91.8, 2.924], [92.91, 2.949], [94.0, 2.962], [95.09, 2.977], [96.19, 2.997], [97.28, 3.027], [98.38, 3.063], [99.47, 3.078], [100.58, 3.115], [101.67, 3.165], [102.77, 3.186], [103.86, 3.193], [104.95, 3.208], [106.05, 3.252], [107.16, 3.265], [108.25, 3.301], [109.34, 3.322], [110.44, 3.363], [111.53, 3.379], [112.62, 3.4], [113.73, 3.453], [114.83, 3.475], [115.92, 3.525], [117.02, 3.559], [118.12, 3.604], [119.2, 3.656], [120.3, 3.69], [121.39, 3.752], [122.5, 3.632], [123.59, 3.553], [124.69, 3.536], [125.78, 3.504], [126.88, 3.459], [127.97, 3.386], [129.06, 3.344], [130.16, 3.339], [131.27, 3.383], [132.36, 3.315], [133.45, 3.265], [134.55, 3.233], [135.64, 3.156], [136.73, 3.123], [137.83, 3.06], [138.92, 3.033], [140.03, 3.005], [141.12, 2.951], [142.22, 2.931], [143.31, 2.874], [144.53, 2.837], [145.62, 2.802], [146.72, 2.772], [147.81, 2.741], [148.92, 2.699], [150.02, 2.691], [151.11, 2.682], [152.2, 2.676], [153.31, 2.656], [154.41, 2.612], [155.5, 2.572], [156.59, 2.506], [157.7, 2.428], [158.8, 2.396], [159.89, 2.384], [161.02, 2.383], [162.09, 2.361], [163.19, 2.365], [164.28, 2.356], [165.39, 2.341], [166.48, 2.352], [167.58, 2.321], [168.81, 2.32], [169.78, 2.317], [170.88, 2.315], [171.97, 2.31], [173.2, 2.314], [174.3, 2.303], [175.39, 2.303], [176.38, 2.324], [177.59, 2.34], [178.69, 2.325], [179.66, 2.331], [180.77, 2.429], [181.86, 2.514], [182.95, 2.48], [184.06, 2.461], [185.16, 2.453], [186.25, 2.463], [187.34, 2.479], [188.45, 2.479], [189.55, 2.492], [190.64, 2.499], [191.73, 2.504], [192.84, 2.526], [193.94, 2.538], [195.03, 2.576], [196.12, 2.576], [197.23, 2.596], [198.33, 2.605], [199.42, 2.635], [200.52, 2.663], [201.62, 2.675], [202.72, 2.694], [203.81, 2.713], [204.91, 2.748], [206.02, 2.768], [207.11, 2.796], [208.2, 2.847], [209.3, 2.877], [210.28, 2.927], [211.5, 2.877], [212.47, 2.809], [213.56, 2.822], [214.8, 2.866], [215.77, 2.914], [216.98, 2.959], [217.97, 2.997], [219.06, 3.048], [220.16, 3.103], [221.25, 3.031], [222.34, 3.102], [223.44, 3.148], [224.53, 3.236], [225.62, 3.303], [226.72, 3.383], [227.81, 3.6], [228.91, 3.698], [230.0, 3.802]]
CLUSTERS-5:
[[230.98, 4.248], [232.08, 4.349], [233.17, 4.489], [234.27, 4.639], [235.36, 4.77], [236.45, 4.92], [237.55, 5.103], [238.64, 5.299], [239.73, 5.466], [240.83, 5.704], [241.8, 5.909], [242.91, 6.177], [244.0, 6.475], [245.09, 6.777], [246.19, 7.119], [247.28, 7.517], [248.38, 7.465]]
CLUSTERS-6:
[[251.66, 7.224], [252.75, 7.205], [253.86, 7.143], [254.95, 7.124], [256.06, 7.119], [257.16, 7.105]]
CLUSTERS-7:
[[258.27, 10.991], [259.36, 11.013], [260.47, 10.991], [261.56, 11.15], [262.67, 11.116], [263.77, 11.22], [264.88, 11.291], [265.97, 11.232], [267.08, 11.374], [268.17, 11.398], [269.3, 11.496], [270.38, 11.435]]
CLUSTERS-8:
[[272.23, 1.63], [273.33, 1.596], [274.56, 1.413], [275.66, 1.356], [276.77, 1.314], [277.98, 1.29], [279.09, 1.284], [280.19, 1.281], [281.3, 1.285], [282.27, 1.284], [283.5, 1.262], [284.59, 1.225], [285.7, 1.21], [286.8, 1.216], [287.78, 1.276]]
CLUSTERS-9:
[[294.72, 4.972], [295.81, 4.81], [296.91, 4.631], [298.02, 4.465], [299.11, 4.333], [300.2, 4.204], [301.3, 4.077], [302.41, 3.998], [303.5, 3.892], [304.72, 3.585], [305.81, 3.426], [306.92, 3.361], [308.02, 3.286], [309.11, 3.228], [310.2, 3.15], [311.31, 3.179], [312.41, 3.25], [313.5, 3.26], [314.59, 3.219], [315.7, 3.194], [316.8, 3.245], [317.89, 3.288], [318.98, 3.362], [320.09, 3.459], [321.19, 3.57], [322.28, 3.681], [323.38, 3.794], [324.36, 3.936]]
CLUSTERS-10:
[[325.45, 4.84], [326.55, 5.032], [327.66, 5.224], [328.75, 5.408]]
NEAREST OBJECT: [0.9392223297373062, 1.7175316646470502]
ERROR ADDED TO TRACK:[-1.634650216797392, 1.131218666007499]
LAST TRACKED POINT: [0.9392223297373062, 1.7175316646470502]
MEAN VALUES:
mean-0: [2.4398583663012383, 1.0286524756235487]
mean-1: [2.1491999146989658, 2.4854716252450384]
mean-2: [3.5423385120073765, 6.157957826246768]
mean-3: [3.9313741971974174, 8.085328969789234]
mean-4: [-1.634650216797392, 1.131218666007499]
mean-5: [-2.7626375450620433, -5.250850205779364]
mean-6: [-1.954913770309999, -6.88023319168786]
mean-7: [-0.011332882022327783, -1.0862886503335996]
mean-8: [1.8619086123720745, -7.894799129608165]
mean-9: [2.2979044891571667, -2.837756198465915]
mean-10: [4.345977876379776, -2.785090508888356]
CLUSTERS-0:
[[1.36, 2.37], [2.45, 2.372], [3.55, 2.389], [4.64, 2.39], [5.73, 2.41], [6.83, 2.411], [7.92, 2.42], [9.02, 2.424], [10.12, 2.435], [11.22, 2.451], [12.31, 2.457], [13.41, 2.48], [14.5, 2.49], [15.59, 2.503], [16.69, 2.522], [17.78, 2.532], [18.88, 2.547], [19.97, 2.57], [21.06, 2.602], [22.17, 2.617], [23.27, 2.657], [24.36, 2.678], [25.45, 2.697], [26.55, 2.744], [27.64, 2.768], [28.73, 2.794], [29.83, 2.83], [30.8, 2.889], [31.89, 2.919], [33.0, 2.967], [34.08, 3.016], [35.17, 3.043], [36.27, 3.115], [37.36, 3.149], [38.45, 3.224], [39.55, 3.268], [40.64, 3.341], [41.73, 3.391]]
CLUSTERS-1:
[[42.95, 2.925], [43.92, 2.981], [45.02, 3.03], [46.11, 3.095], [47.2, 3.149], [48.3, 3.229], [49.39, 3.295], [50.48, 3.358], [51.56, 3.437], [52.66, 3.53], [53.75, 3.676], [54.84, 3.81]]
CLUSTERS-2:
[[58.97, 6.886], [60.06, 7.081], [61.17, 7.348]]
CLUSTERS-3:
[[62.25, 9.018], [64.44, 9.018], [65.53, 8.943]]
CLUSTERS-4:
[[66.88, 3.197], [67.97, 3.169], [69.06, 3.171], [70.16, 3.162], [71.25, 3.152], [72.36, 3.119], [73.45, 3.099], [74.55, 3.083], [75.66, 3.074], [76.75, 3.069], [77.84, 3.063], [78.95, 3.057], [80.05, 3.055], [81.14, 3.036], [82.27, 3.031], [83.34, 3.029], [84.44, 3.044], [85.55, 3.014], [86.64, 3.024], [87.73, 2.857], [88.95, 2.877], [89.94, 2.89], [91.16, 2.899], [92.12, 2.941], [93.23, 2.955], [94.33, 2.961], [95.42, 2.986], [96.53, 2.998], [97.62, 3.035], [98.72, 3.048], [99.84, 3.084], [100.92, 3.123], [102.02, 3.148], [103.12, 3.194], [104.2, 3.241], [105.3, 3.208], [106.39, 3.254], [107.48, 3.268], [108.58, 3.31], [109.69, 3.328], [110.77, 3.37], [111.86, 3.409], [112.95, 3.431], [114.05, 3.45], [115.12, 3.506], [116.22, 3.537], [117.31, 3.565], [118.41, 3.636], [119.5, 3.665], [120.59, 3.697], [121.69, 3.7], [122.78, 3.618], [123.88, 3.56], [124.97, 3.518], [126.06, 3.518], [127.14, 3.428], [128.23, 3.373], [129.33, 3.324], [130.42, 3.353], [131.52, 3.385], [132.61, 3.326], [133.7, 3.26], [134.8, 3.228], [135.89, 3.155], [136.98, 3.107], [138.08, 3.051], [139.17, 3.024], [140.27, 3.0], [141.38, 2.967], [142.59, 2.916], [143.69, 2.839], [144.8, 2.819], [145.89, 2.774], [147.0, 2.76], [148.09, 2.727], [149.19, 2.72], [150.3, 2.691], [151.39, 2.683], [152.48, 2.661], [153.59, 2.638], [154.69, 2.605], [155.8, 2.562], [156.89, 2.443], [157.98, 2.394], [159.09, 2.404], [160.19, 2.378], [161.28, 2.367], [162.39, 2.357], [163.48, 2.397], [164.59, 2.354], [165.69, 2.342], [166.91, 2.325], [168.02, 2.32], [168.98, 2.321], [170.08, 2.305], [171.31, 2.317], [172.41, 2.308], [173.39, 2.299], [174.61, 2.298], [175.58, 2.36], [176.67, 2.324], [177.77, 2.353], [178.86, 2.31], [180.08, 2.338], [181.06, 2.44], [182.16, 2.457], [183.25, 2.468], [184.34, 2.442], [185.44, 2.453], [186.53, 2.456], [187.64, 2.472], [188.73, 2.488], [189.84, 2.49], [190.92, 2.499], [192.02, 2.506], [193.11, 2.531], [194.2, 2.539], [195.31, 2.552], [196.41, 2.589], [197.5, 2.601], [198.59, 2.605], [199.69, 2.635], [200.78, 2.665], [201.89, 2.675], [202.98, 2.7], [204.08, 2.748], [205.17, 2.758], [206.27, 2.775], [207.36, 2.815], [208.34, 2.857], [209.44, 2.901], [210.53, 2.929], [211.75, 2.863], [212.84, 2.804], [213.94, 2.84], [214.91, 2.872], [216.0, 2.919], [217.11, 2.966], [218.2, 3.017], [219.3, 3.055], [220.39, 3.076], [221.48, 3.037], [222.58, 3.111], [223.67, 3.164], [224.77, 3.246], [225.88, 3.314], [226.97, 3.399], [228.06, 3.611], [229.16, 3.717], [230.12, 3.827]]
CLUSTERS-5:
[[231.22, 4.294], [232.31, 4.4], [233.41, 4.523], [234.52, 4.649], [235.61, 4.8], [236.7, 4.976], [237.8, 5.147], [238.89, 5.325], [239.98, 5.52], [241.08, 5.735], [242.05, 5.971], [243.16, 6.264], [244.25, 6.578], [245.34, 6.882], [246.45, 7.229], [247.55, 7.523], [248.66, 7.507], [249.75, 7.87], [250.84, 8.138]]
CLUSTERS-6:
[[251.95, 7.234], [253.05, 7.19], [254.16, 7.147], [255.25, 7.133], [256.34, 7.072]]
CLUSTERS-7:
[[262.84, 1.228], [263.95, 1.157], [265.17, 1.128], [266.28, 1.114], [267.38, 1.103], [268.47, 1.097], [269.58, 1.1], [270.67, 1.078], [271.91, 1.036], [273.0, 1.014], [274.09, 1.009], [275.2, 1.025], [276.3, 1.072]]
CLUSTERS-8:
[[281.64, 8.308], [282.73, 8.01], [283.83, 8.028], [284.92, 8.107]]
CLUSTERS-9:
[[294.91, 4.915], [296.02, 4.751], [297.11, 4.6], [298.2, 4.447], [299.3, 4.299], [300.39, 4.173], [301.48, 4.059], [302.58, 3.969], [303.8, 3.857], [304.91, 3.515], [306.0, 3.42], [307.09, 3.355], [308.19, 3.276], [309.28, 3.218], [310.38, 3.136], [311.48, 3.192], [312.56, 3.256], [313.67, 3.25], [314.77, 3.208], [315.86, 3.211], [316.97, 3.239], [318.06, 3.3], [319.17, 3.397], [320.27, 3.481], [321.38, 3.59], [322.47, 3.691], [323.56, 3.825], [324.55, 3.964]]
CLUSTERS-10:
[[325.64, 4.882], [326.75, 5.055], [327.84, 5.257], [328.95, 5.458]]
NEAREST OBJECT: [0.9392223297373062, 1.7175316646470502]
ERROR ADDED TO TRACK:[-1.639293555926955, 1.140312622868456]
LAST TRACKED POINT: [0.9392223297373062, 1.7175316646470502]
MEAN VALUES:
mean-0: [2.438541296026243, 1.026962476487828]
mean-1: [2.142749018125073, 2.4399552434712164]
mean-2: [3.664958905965071, 6.086668716236069]
mean-3: [3.8348718221898896, 8.077618150438093]
mean-4: [-1.639293555926955, 1.140312622868456]
mean-5: [-2.7741130610666014, -4.7499930525070635]
mean-6: [-0.2263076745081838, -0.9640067737163449]
mean-7: [0.9027020081515099, -11.602050249308576]
mean-8: [1.9128282898239168, -7.813898442318241]
mean-9: [4.157393967084832, -12.545776347717592]
mean-10: [2.266011005691585, -2.9307002577287333]
mean-11: [4.351953816591165, -2.7803646074383686]
CLUSTERS-0:
[[1.94, 2.387], [3.03, 2.382], [4.12, 2.388], [5.34, 2.391], [6.33, 2.405], [7.41, 2.413], [8.5, 2.419], [9.59, 2.43], [10.69, 2.447], [11.8, 2.454], [12.89, 2.471], [13.98, 2.483], [15.08, 2.493], [16.17, 2.506], [17.27, 2.526], [18.36, 2.54], [19.45, 2.571], [20.55, 2.588], [21.64, 2.609], [22.75, 2.648], [23.84, 2.669], [24.94, 2.683], [26.03, 2.719], [27.14, 2.751], [28.23, 2.78], [29.33, 2.816], [30.42, 2.844], [31.41, 2.915], [32.5, 2.956], [33.59, 2.983], [34.7, 3.03], [35.8, 3.08], [36.89, 3.134], [37.98, 3.188], [39.09, 3.247], [40.19, 3.284], [41.28, 3.361]]
CLUSTERS-1:
[[42.39, 2.919], [43.48, 2.958], [44.58, 3.019], [45.67, 3.048], [46.78, 3.127], [47.88, 3.191], [48.97, 3.251], [50.08, 3.332], [51.17, 3.405], [52.27, 3.5], [53.36, 3.567], [54.47, 3.736]]
CLUSTERS-2:
[[56.41, 7.219], [59.69, 6.931], [60.78, 7.176]]
CLUSTERS-3:
[[62.97, 9.026], [64.06, 8.936], [65.16, 8.914], [66.25, 8.899]]
CLUSTERS-4:
[[67.59, 3.183], [68.69, 3.176], [69.78, 3.169], [70.88, 3.156], [71.97, 3.121], [73.06, 3.097], [74.16, 3.089], [75.25, 3.081], [76.34, 3.068], [77.44, 3.069], [78.53, 3.06], [79.62, 3.039], [80.72, 3.034], [81.81, 3.027], [82.91, 3.029], [84.0, 3.028], [85.09, 3.029], [86.19, 3.015], [87.28, 3.062], [88.38, 2.871], [89.59, 2.878], [90.56, 2.897], [91.78, 2.916], [92.75, 2.931], [93.83, 2.958], [94.92, 2.977], [96.02, 2.996], [97.11, 3.025], [98.2, 3.039], [99.28, 3.081], [100.38, 3.124], [101.47, 3.137], [102.56, 3.175], [103.66, 3.222], [104.73, 3.208], [105.83, 3.248], [106.92, 3.262], [108.02, 3.298], [109.11, 3.32], [110.2, 3.361], [111.28, 3.378], [112.38, 3.424], [113.47, 3.445], [114.56, 3.473], [115.66, 3.519], [116.73, 3.551], [117.83, 3.578], [118.92, 3.647], [120.02, 3.686], [121.11, 3.744], [122.19, 3.657], [123.28, 3.571], [124.38, 3.558], [125.47, 3.494], [126.56, 3.487], [127.66, 3.399], [128.75, 3.348], [129.84, 3.31], [130.95, 3.374], [132.05, 3.321], [133.14, 3.29], [134.25, 3.23], [135.34, 3.174], [136.45, 3.128], [137.55, 3.082], [138.64, 3.043], [139.75, 3.017], [140.84, 2.978], [141.94, 2.943], [143.05, 2.871], [144.27, 2.834], [145.38, 2.775], [146.47, 2.76], [147.56, 2.749], [148.67, 2.708], [149.77, 2.718], [150.86, 2.703], [151.97, 2.659], [153.06, 2.652], [154.17, 2.671], [155.27, 2.63], [157.47, 2.402], [158.56, 2.394], [159.66, 2.392], [160.77, 2.387], [161.86, 2.363], [162.97, 2.355], [164.06, 2.357], [165.28, 2.338], [166.25, 2.497], [167.34, 2.317], [168.44, 2.317], [169.55, 2.305], [170.77, 2.314], [171.73, 2.317], [172.83, 2.315], [174.05, 2.298], [175.16, 2.294], [176.12, 2.322], [177.22, 2.345], [178.31, 2.329], [179.41, 2.341], [180.52, 2.45], [181.61, 2.45], [182.7, 2.401], [183.8, 2.468], [184.89, 2.454], [185.98, 2.458], [187.09, 2.479], [188.19, 2.478], [189.28, 2.485], [190.38, 2.502], [191.47, 2.501], [192.58, 2.526], [193.67, 2.523], [194.77, 2.544], [195.86, 2.585], [196.95, 2.589], [198.06, 2.6], [199.16, 2.634], [200.25, 2.657], [201.34, 2.672], [202.44, 2.691], [203.53, 2.705], [204.62, 2.75], [205.72, 2.771], [206.81, 2.799], [207.91, 2.805], [209.0, 2.864], [210.11, 2.911], [211.2, 2.893], [212.3, 2.817], [213.39, 2.818], [214.36, 2.858], [215.58, 2.892], [216.56, 2.947], [217.64, 2.987], [218.73, 3.038], [219.83, 3.083], [220.92, 3.043], [222.03, 3.055], [223.12, 3.14], [224.22, 3.227], [225.31, 3.285], [226.41, 3.364], [227.5, 3.578], [228.59, 3.686], [229.69, 3.757]]
CLUSTERS-5:
[[230.66, 4.217], [231.75, 4.335], [232.86, 4.469], [233.95, 4.58], [235.05, 4.722], [236.14, 4.911], [237.23, 5.067], [238.33, 5.234], [239.42, 5.447], [240.53, 5.615], [241.5, 5.854], [242.59, 6.107], [243.69, 6.44], [244.78, 6.76], [245.88, 7.124], [246.98, 7.465]]
CLUSTERS-6:
[[249.2, 1.143], [250.31, 1.08], [251.39, 1.041], [252.61, 1.02], [253.7, 1.005], [254.8, 0.997], [255.91, 0.99], [257.12, 0.988], [258.09, 0.968], [259.31, 0.97], [260.41, 0.936], [261.5, 0.925], [262.61, 0.92], [263.7, 0.942], [264.8, 0.982]]
CLUSTERS-7:
[[267.81, 11.422], [268.91, 11.52], [270.0, 11.582], [271.11, 11.533], [272.2, 11.533], [273.3, 11.747], [274.41, 11.721], [275.5, 11.557], [276.61, 11.824], [277.7, 11.658], [278.8, 11.889], [279.91, 11.876], [281.0, 11.811]]
CLUSTERS-8:
[[282.09, 8.034], [283.2, 7.987], [284.3, 8.046], [285.41, 8.119]]
CLUSTERS-9:
[[286.5, 13.025], [287.59, 13.397], [290.89, 13.249]]
CLUSTERS-10:
[[293.22, 4.59], [294.33, 4.949], [295.42, 4.825], [296.52, 4.685], [297.62, 4.516], [298.72, 4.351], [299.81, 4.242], [300.94, 4.104], [302.02, 4.022], [303.12, 3.924], [304.34, 3.818], [305.44, 3.483], [306.56, 3.373], [307.64, 3.316], [308.75, 3.247], [309.84, 3.167], [310.95, 3.148], [312.05, 3.232], [313.16, 3.299], [314.25, 3.234], [315.36, 3.162], [316.45, 3.39], [317.56, 3.272], [318.66, 3.347], [319.77, 3.433], [320.86, 3.545], [321.95, 3.628], [322.94, 3.753], [324.16, 3.893]]
CLUSTERS-11:
[[325.14, 4.789], [326.25, 4.978], [327.34, 5.149], [328.44, 5.341], [329.55, 5.574]]
NEAREST OBJECT: [0.9392223297373062, 1.7175316646470502]
ERROR ADDED TO TRACK:[-1.6303470864675729, 1.140101644639102]
LAST TRACKED POINT: [0.9392223297373062, 1.7175316646470502]
MEAN VALUES:
mean-0: [2.438040413063134, 1.0150785710963564]
mean-1: [2.146361904608725, 2.4683079014452542]
mean-2: [3.537822262342555, 6.117473433264709]
mean-3: [4.000759237343787, 8.114795171518423]
mean-4: [-1.6303470864675729, 1.140101644639102]
mean-5: [-0.47248132529058834, -0.8741757316897001]
mean-6: [-1.7074096541084094, -6.91341214310205]
mean-7: [-0.09647637798478617, -11.36474200283956]
mean-8: [1.9001364348528211, -7.80573538801282]
mean-9: [2.2967519843726003, -2.8494732618394716]
mean-10: [4.3164388223024766, -2.7774565377915668]
CLUSTERS-0:
[[1.2, 2.381], [2.17, 2.376], [3.27, 2.374], [4.38, 2.393], [5.47, 2.408], [6.56, 2.409], [7.66, 2.42], [8.75, 2.426], [9.84, 2.43], [10.94, 2.451], [12.03, 2.456], [13.14, 2.469], [14.23, 2.488], [15.33, 2.497], [16.42, 2.519], [17.53, 2.529], [18.62, 2.546], [19.72, 2.584], [20.81, 2.593], [21.92, 2.612], [23.02, 2.641], [24.11, 2.67], [25.22, 2.686], [26.31, 2.713], [27.42, 2.761], [28.5, 2.803], [29.48, 2.824], [30.7, 2.877], [31.67, 2.918], [32.78, 2.962], [33.88, 2.991], [34.97, 3.042], [36.06, 3.088], [37.17, 3.141], [38.27, 3.199], [39.38, 3.259], [40.47, 3.309], [41.56, 3.379]]
CLUSTERS-1:
[[42.66, 2.919], [43.75, 2.969], [44.86, 3.023], [45.95, 3.084], [47.05, 3.142], [48.16, 3.217], [49.25, 3.276], [50.34, 3.349], [51.44, 3.431], [52.53, 3.517], [53.62, 3.647], [54.72, 3.764]]
CLUSTERS-2:
[[58.84, 6.908], [59.94, 6.962], [61.03, 7.333]]
CLUSTERS-3:
[[62.12, 9.149], [63.22, 9.072], [64.31, 9.011], [65.41, 8.966]]
CLUSTERS-4:
[[66.75, 3.228], [67.84, 3.181], [68.94, 3.17], [70.03, 3.163], [71.12, 3.132], [72.22, 3.103], [73.31, 3.097], [74.41, 3.087], [75.5, 3.077], [76.59, 3.07], [77.69, 3.065], [78.78, 3.06], [79.88, 3.041], [80.97, 3.052], [82.06, 3.048], [83.17, 3.009], [84.25, 3.031], [85.34, 3.03], [86.44, 3.016], [87.53, 3.062], [88.75, 2.875], [89.72, 2.89], [90.81, 2.897], [92.03, 2.938], [93.0, 2.951], [94.09, 2.96], [95.19, 2.981], [96.28, 3.001], [97.38, 3.03], [98.47, 3.062], [99.56, 3.081], [100.66, 3.126], [101.73, 3.158], [102.83, 3.177], [103.92, 3.196], [105.02, 3.209], [106.11, 3.252], [107.2, 3.268], [108.3, 3.304], [109.39, 3.323], [110.48, 3.365], [111.58, 3.38], [112.67, 3.424], [113.77, 3.452], [114.86, 3.5], [115.95, 3.532], [117.05, 3.561], [118.14, 3.603], [119.23, 3.658], [120.33, 3.693], [121.42, 3.747], [122.52, 3.624], [123.61, 3.557], [124.7, 3.536], [125.81, 3.507], [126.91, 3.478], [128.0, 3.38], [129.09, 3.326], [130.19, 3.348], [131.28, 3.386], [132.39, 3.308], [133.48, 3.265], [134.58, 3.228], [135.67, 3.148], [136.77, 3.108], [137.86, 3.058], [138.95, 3.032], [140.06, 3.011], [141.16, 2.981], [142.25, 2.939], [143.47, 2.84], [144.56, 2.815], [145.66, 2.77], [146.77, 2.755], [147.86, 2.749], [148.95, 2.706], [150.05, 2.683], [151.14, 2.668], [152.23, 2.665], [153.34, 2.668], [154.44, 2.693], [155.53, 2.639], [156.64, 2.419], [157.73, 2.403], [158.83, 2.453], [159.94, 2.386], [161.03, 2.373], [162.14, 2.36], [163.23, 2.369], [164.33, 2.344], [165.44, 2.31], [166.53, 2.325], [167.62, 2.309], [168.75, 2.321], [169.95, 2.318], [171.06, 2.32], [172.03, 2.317], [173.12, 2.317], [174.38, 2.297], [175.45, 2.308], [176.55, 2.308], [177.66, 2.308], [178.75, 2.301], [179.86, 2.329], [180.83, 2.45], [181.92, 2.587], [183.03, 2.616], [184.12, 2.373], [185.22, 2.463], [186.33, 2.461], [187.42, 2.483], [188.53, 2.484], [189.62, 2.493], [190.72, 2.505], [191.81, 2.517], [192.91, 2.522], [194.02, 2.529], [195.11, 2.544], [196.2, 2.585], [197.3, 2.594], [198.39, 2.604], [199.5, 2.636], [200.59, 2.664], [201.69, 2.673], [202.78, 2.695], [203.91, 2.728], [204.98, 2.758], [206.08, 2.777], [207.17, 2.815], [208.27, 2.853], [209.38, 2.868], [210.47, 2.911], [211.56, 2.869], [212.66, 2.809], [213.77, 2.834], [214.86, 2.865], [215.83, 2.91], [216.92, 2.957], [218.02, 2.992], [219.12, 3.046], [220.22, 3.085], [221.31, 3.027], [222.41, 3.085], [223.52, 3.153], [224.61, 3.237], [225.7, 3.314], [226.8, 3.386], [227.89, 3.602], [228.98, 3.7], [229.95, 3.805]]
CLUSTERS-5:
[[231.92, 1.31], [233.16, 1.134], [234.25, 1.092], [235.47, 1.06], [236.56, 1.016], [237.66, 0.995], [238.88, 0.98], [239.84, 0.974], [241.06, 0.966], [242.05, 0.967], [243.28, 0.968], [244.23, 0.975], [245.33, 0.975], [246.55, 0.963], [247.64, 0.935], [248.73, 0.919], [249.83, 0.914], [250.94, 0.915], [251.91, 0.932]]
CLUSTERS-6:
[[255.03, 7.095], [256.12, 7.1], [257.22, 7.171]]
CLUSTERS-7:
[[258.33, 10.979], [259.42, 11.116], [260.53, 10.968], [261.62, 11.197], [262.73, 11.104], [263.83, 11.173], [264.94, 11.255], [266.03, 11.338], [267.14, 11.398], [268.25, 11.338], [269.34, 11.41], [270.45, 11.483], [271.55, 11.471], [272.66, 11.747], [273.75, 11.696], [274.86, 11.57], [275.97, 11.683], [277.06, 11.607], [278.17, 11.759], [279.27, 11.876], [280.38, 12.13]]
CLUSTERS-8:
[[282.58, 7.975], [283.67, 8.052], [284.78, 8.077]]
CLUSTERS-9:
[[294.83, 4.995], [295.92, 4.791], [297.02, 4.596], [298.12, 4.475], [299.22, 4.34], [300.31, 4.178], [301.41, 4.082], [302.5, 3.985], [303.59, 3.888], [304.83, 3.532], [305.92, 3.443], [307.02, 3.363], [308.11, 3.285], [309.22, 3.227], [310.31, 3.146], [311.41, 3.185], [312.5, 3.255], [313.59, 3.256], [314.7, 3.217], [315.8, 3.197], [316.89, 3.246], [317.98, 3.288], [319.09, 3.369], [320.19, 3.473], [321.28, 3.573], [322.38, 3.686], [323.34, 3.813], [324.45, 3.946]]
CLUSTERS-10:
[[325.55, 4.862], [326.64, 5.018], [327.73, 5.239], [328.84, 5.417]]
NEAREST OBJECT: [0.9392223297373062, 1.7175316646470502]
ERROR ADDED TO TRACK:[-1.5766706324378144, 1.3881825854501335]
LAST TRACKED POINT: [0.9392223297373062, 1.7175316646470502]
MEAN VALUES:
mean-0: [2.4379670986702044, 1.0225484846361597]
mean-1: [2.1445968469617953, 2.477818249014427]
mean-2: [3.5386395025436475, 6.142411217509035]
mean-3: [3.9882432268590007, 8.116798622215352]
mean-4: [-1.5766706324378144, 1.3881825854501335]
mean-5: [-0.5754125571568006, -0.760427893363734]
mean-6: [-2.755318191342737, -7.251642305576718]
mean-7: [-1.903041713449593, -6.9212759451252595]
mean-8: [-0.06598721333080067, -11.38388010641938]
mean-9: [1.8618903081562617, -7.897325987881876]
mean-10: [2.302640121354149, -2.8351740392144866]
mean-11: [4.3410969451766075, -2.77278104680948]
CLUSTERS-0:
[[1.23, 2.37], [2.33, 2.371], [3.42, 2.385], [4.52, 2.392], [5.62, 2.407], [6.7, 2.41], [7.8, 2.419], [8.89, 2.424], [9.98, 2.432], [11.08, 2.452], [12.19, 2.456], [13.28, 2.477], [14.38, 2.489], [15.47, 2.501], [16.58, 2.519], [17.67, 2.528], [18.77, 2.547], [19.86, 2.582], [20.97, 2.599], [22.06, 2.616], [23.16, 2.655], [24.27, 2.673], [25.36, 2.692], [26.45, 2.741], [27.55, 2.765], [28.66, 2.793], [29.75, 2.826], [30.72, 2.883], [31.83, 2.919], [32.92, 2.964], [34.02, 2.993], [35.11, 3.055], [36.22, 3.093], [37.31, 3.147], [38.41, 3.204], [39.52, 3.267], [40.61, 3.301], [41.7, 3.386]]
CLUSTERS-1:
[[42.8, 2.923], [43.91, 2.976], [45.0, 3.026], [46.09, 3.087], [47.2, 3.15], [48.28, 3.227], [49.38, 3.28], [50.47, 3.337], [51.56, 3.43], [52.64, 3.523], [53.73, 3.67], [54.84, 3.781]]
CLUSTERS-2:
[[58.94, 6.899], [60.03, 7.007], [61.12, 7.363]]
CLUSTERS-3:
[[62.2, 9.102], [63.3, 9.133], [64.39, 9.034], [65.48, 8.914]]
CLUSTERS-4:
[[66.83, 3.209], [67.91, 3.182], [69.0, 3.168], [70.09, 3.169], [71.19, 3.133], [72.27, 3.104], [73.36, 3.105], [74.45, 3.092], [75.55, 3.076], [76.64, 3.069], [77.72, 3.066], [78.81, 3.062], [79.91, 3.057], [81.0, 3.052], [82.09, 3.033], [83.19, 3.026], [84.28, 3.033], [85.38, 3.022], [86.48, 3.019], [87.69, 2.921], [88.66, 2.871], [89.77, 2.883], [90.98, 2.9], [91.95, 2.941], [93.17, 2.952], [94.27, 2.968], [95.23, 2.983], [96.34, 2.999], [97.44, 3.035], [98.53, 3.065], [99.62, 3.089], [100.72, 3.123], [101.81, 3.164], [102.91, 3.192], [104.02, 3.257], [105.11, 3.208], [106.2, 3.254], [107.3, 3.264], [108.39, 3.307], [109.48, 3.346], [110.59, 3.366], [111.69, 3.385], [112.78, 3.404], [113.88, 3.454], [114.97, 3.506], [116.06, 3.536], [117.17, 3.56], [118.27, 3.605], [119.36, 3.665], [120.45, 3.697], [121.55, 3.705], [122.64, 3.623], [123.75, 3.562], [124.84, 3.525], [125.94, 3.531], [127.03, 3.453], [128.12, 3.375], [129.22, 3.326], [130.31, 3.352], [131.42, 3.383], [132.52, 3.321], [133.61, 3.255], [134.7, 3.214], [135.8, 3.148], [136.89, 3.117], [137.98, 3.05], [139.09, 3.032], [140.19, 3.009], [141.41, 2.979], [142.5, 2.926], [143.59, 2.836], [144.69, 2.812], [145.8, 2.769], [146.89, 2.763], [147.98, 2.737], [149.08, 2.719], [150.17, 2.669], [151.27, 2.67], [152.38, 2.683], [153.47, 2.675], [154.56, 2.508], [156.77, 2.397], [157.86, 2.395], [158.97, 2.401], [160.06, 2.373], [161.17, 2.369], [162.27, 2.358], [163.36, 2.392], [164.47, 2.35], [165.56, 2.335], [166.78, 2.328], [167.77, 2.332], [168.86, 2.321], [170.09, 2.32], [171.19, 2.32], [172.16, 2.322], [173.27, 2.323], [174.38, 2.317], [175.45, 2.346], [176.69, 2.294], [177.78, 2.297], [178.77, 2.44], [180.0, 2.312], [180.95, 2.447], [182.06, 2.591], [183.16, 2.6], [184.25, 2.506], [185.36, 2.382], [186.45, 2.496], [187.56, 2.489], [188.66, 2.496], [189.75, 2.496], [190.84, 2.507], [191.95, 2.516], [193.05, 2.525], [194.14, 2.534], [195.23, 2.538], [196.34, 2.583], [197.44, 2.599], [198.53, 2.604], [199.62, 2.641], [200.73, 2.669], [201.83, 2.671], [202.92, 2.698], [204.02, 2.744], [205.12, 2.76], [206.22, 2.776], [207.31, 2.802], [208.41, 2.852], [209.53, 2.877], [210.61, 2.921], [211.7, 2.865], [212.8, 2.803], [213.91, 2.842], [214.88, 2.871], [216.09, 2.915], [217.06, 2.964], [218.17, 3.0], [219.27, 3.053]]
CLUSTERS-5:
[[221.11, 1.226], [222.2, 1.207], [223.44, 1.187], [224.66, 1.042], [225.75, 1.01], [226.84, 0.991], [228.06, 0.961], [229.16, 0.938], [230.25, 0.923], [231.47, 0.913], [232.45, 0.904], [233.55, 0.901], [234.64, 0.9], [235.73, 0.901], [236.83, 0.908], [237.92, 0.919], [239.14, 0.903], [240.11, 0.911], [241.22, 0.882], [242.44, 0.877], [243.41, 0.873], [244.62, 0.88], [245.47, 0.967]]
CLUSTERS-6:
[[247.5, 7.496], [248.61, 7.491], [249.7, 7.875], [250.8, 8.175]]
CLUSTERS-7:
[[251.89, 7.234], [252.98, 7.21], [254.08, 7.157], [255.17, 7.114], [256.27, 7.109], [257.38, 7.268]]
CLUSTERS-8:
[[258.47, 11.036], [259.58, 10.957], [260.67, 11.139], [261.78, 11.104], [262.88, 11.197], [263.98, 11.07], [265.08, 11.22], [266.19, 11.326], [267.3, 11.338], [268.39, 11.35], [269.5, 11.422], [270.59, 11.658], [271.7, 11.747], [272.81, 11.62], [273.91, 11.929], [275.02, 11.62], [276.11, 11.67], [277.22, 11.582], [278.31, 11.811], [279.42, 11.889], [280.52, 12.009]]
CLUSTERS-9:
[[281.62, 8.34], [282.72, 7.969], [283.83, 8.077], [284.94, 8.077]]
CLUSTERS-10:
[[294.97, 4.929], [296.06, 4.76], [297.17, 4.578], [298.27, 4.445], [299.36, 4.328], [300.47, 4.168], [301.56, 4.049], [302.66, 3.974], [303.89, 3.86], [304.98, 3.512], [306.08, 3.419], [307.19, 3.359], [308.28, 3.295], [309.38, 3.219], [310.48, 3.139], [311.58, 3.194], [312.67, 3.258], [313.77, 3.248], [314.88, 3.189], [315.97, 3.206], [317.06, 3.24], [318.17, 3.298], [319.27, 3.397], [320.36, 3.474], [321.47, 3.594], [322.56, 3.701], [323.66, 3.829], [324.64, 3.964]]
CLUSTERS-11:
[[325.73, 4.88], [326.83, 5.048], [327.94, 5.242], [329.03, 5.439]]
NEAREST OBJECT: [0.9392223297373062, 1.7175316646470502]
ERROR ADDED TO TRACK:[-1.4962609533674922, 1.6579727618800237]
LAST TRACKED POINT: [0.9392223297373062, 1.7175316646470502]
MEAN VALUES:
mean-0: [2.4387753369567617, 1.029244296724481]
mean-1: [2.144773217965858, 2.4395854615022348]
mean-2: [3.671975505456516, 6.085939620778526]
mean-3: [3.947291632454094, 8.091064256968941]
mean-4: [-1.4962609533674922, 1.6579727618800237]
mean-5: [-0.6062541143211417, -0.5815167302981925]
mean-6: [-2.8225218022895207, -5.59996881634727]
mean-7: [-2.7897747635783547, -6.968352825113695]
mean-8: [-1.954794789839105, -6.882270546980984]
mean-9: [-0.16914065411021045, -11.391246685311424]
mean-10: [1.9286286263269, -7.839374264064443]
mean-11: [2.268289235401912, -2.929457654964641]
mean-12: [4.357202807858295, -2.7780695278101666]
CLUSTERS-0:
[[2.0, 2.377], [3.09, 2.382], [4.19, 2.392], [5.28, 2.405], [6.38, 2.405], [7.47, 2.417], [8.56, 2.417], [9.66, 2.43], [10.77, 2.448], [11.86, 2.458], [12.95, 2.47], [14.06, 2.484], [15.14, 2.494], [16.23, 2.507], [17.33, 2.529], [18.42, 2.543], [19.52, 2.582], [20.61, 2.589], [21.7, 2.609], [22.8, 2.651], [23.91, 2.667], [24.98, 2.687], [26.08, 2.707], [27.17, 2.752], [28.28, 2.78], [29.38, 2.818], [30.47, 2.865], [31.56, 2.9], [32.53, 2.955], [33.62, 2.982], [34.72, 3.03], [35.81, 3.079], [36.91, 3.132], [38.0, 3.19], [39.09, 3.244], [40.19, 3.285], [41.28, 3.366]]
CLUSTERS-1:
[[42.38, 2.92], [43.47, 2.958], [44.56, 2.999], [45.66, 3.055], [46.75, 3.128], [47.84, 3.186], [48.94, 3.255], [50.03, 3.332], [51.12, 3.409], [52.22, 3.498], [53.31, 3.585], [54.41, 3.74]]
CLUSTERS-2:
[[56.34, 7.147], [59.62, 6.939], [60.72, 7.249]]
CLUSTERS-3:
[[62.91, 9.087], [64.0, 8.981], [65.09, 8.943]]
CLUSTERS-4:
[[66.44, 3.201], [67.55, 3.181], [68.64, 3.175], [69.73, 3.169], [70.83, 3.153], [71.94, 3.126], [73.03, 3.094], [74.12, 3.089], [75.23, 3.078], [76.33, 3.07], [77.42, 3.064], [78.52, 3.06], [79.61, 3.041], [80.72, 3.058], [81.81, 3.033], [82.91, 3.027], [84.0, 3.028], [85.11, 3.008], [86.2, 3.019], [87.3, 3.062], [88.52, 2.869], [89.5, 2.882], [90.59, 2.897], [91.69, 2.939], [92.91, 2.948], [94.02, 2.955], [94.98, 2.976], [96.08, 2.998], [97.17, 3.027], [98.28, 3.042], [99.36, 3.073], [100.45, 3.115], [101.55, 3.156], [102.66, 3.175], [103.73, 3.225], [104.83, 3.207], [105.92, 3.247], [107.02, 3.261], [108.11, 3.3], [109.2, 3.312], [110.28, 3.361], [111.38, 3.379], [112.47, 3.404], [113.56, 3.443], [114.66, 3.466], [115.75, 3.52], [116.84, 3.551], [117.94, 3.578], [119.03, 3.652], [120.12, 3.681], [121.22, 3.752], [122.3, 3.658], [123.39, 3.56], [124.48, 3.552], [125.58, 3.524], [126.67, 3.489], [127.77, 3.398], [128.86, 3.347], [129.95, 3.294], [131.05, 3.375], [132.14, 3.316], [133.23, 3.284], [134.33, 3.223], [135.42, 3.16], [136.53, 3.127], [137.62, 3.098], [138.72, 3.053], [139.83, 3.03], [140.92, 2.982], [142.03, 2.943], [143.25, 2.868], [144.34, 2.818], [145.44, 2.781], [146.55, 2.768], [147.66, 2.746], [148.73, 2.713], [149.84, 2.689], [150.94, 2.688], [152.03, 2.677], [153.14, 2.686], [154.23, 2.64], [156.44, 2.421], [157.53, 2.401], [158.62, 2.414], [159.73, 2.372], [160.83, 2.421], [161.92, 2.362], [163.03, 2.359], [164.12, 2.36], [165.23, 2.353], [166.33, 2.488], [167.42, 2.334], [168.66, 2.326], [169.75, 2.327], [170.86, 2.328], [171.81, 2.33], [172.91, 2.341], [174.0, 2.295], [175.22, 2.292], [176.33, 2.292], [177.42, 2.293], [178.39, 2.398], [179.61, 2.326], [180.7, 2.269], [181.67, 2.416], [182.78, 2.513], [183.88, 2.425], [184.97, 2.383], [186.06, 2.543], [187.16, 2.554], [188.25, 2.526], [189.34, 2.513], [190.45, 2.503], [191.55, 2.518], [192.66, 2.528], [193.73, 2.529], [194.83, 2.548], [195.92, 2.585], [197.03, 2.589], [198.12, 2.6], [199.22, 2.631], [200.31, 2.645], [201.41, 2.669], [202.5, 2.691], [203.61, 2.708], [204.7, 2.748], [205.8, 2.773], [206.89, 2.795]]
CLUSTERS-5:
[[209.83, 1.054], [210.94, 1.06], [212.14, 1.025], [213.36, 0.942], [214.45, 0.91], [215.55, 0.89], [216.77, 0.875], [217.86, 0.871], [218.95, 0.842], [220.05, 0.824], [221.14, 0.815], [222.38, 0.805], [223.34, 0.801], [224.56, 0.8], [225.66, 0.799], [226.88, 0.801], [227.97, 0.803], [228.94, 0.806], [229.92, 0.822], [231.0, 0.817], [232.22, 0.819], [233.31, 0.809], [234.41, 0.794], [235.5, 0.792], [236.72, 0.787], [237.81, 0.788], [238.66, 0.802]]
CLUSTERS-6:
[[241.55, 5.867], [242.64, 6.117], [243.73, 6.409], [244.84, 6.697]]
CLUSTERS-7:
[[245.94, 7.105], [247.03, 7.429], [248.12, 7.439], [249.22, 7.678], [250.33, 7.893]]
CLUSTERS-8:
[[251.42, 7.273], [252.52, 7.224], [253.61, 7.152], [254.7, 7.119], [255.81, 7.124], [256.91, 7.058]]
CLUSTERS-9:
[[258.0, 10.968], [259.09, 11.093], [260.19, 11.162], [261.28, 11.058], [262.39, 11.013], [263.48, 11.173], [264.58, 11.208], [265.67, 11.338], [266.77, 11.338], [267.89, 11.435], [268.97, 11.496], [270.06, 11.496], [271.16, 11.645], [272.25, 11.557], [273.36, 11.759], [274.45, 11.863], [275.55, 11.708], [276.66, 11.811], [277.75, 11.759], [278.84, 11.916], [279.95, 12.063]]
CLUSTERS-10:
[[282.16, 7.945], [283.25, 8.04], [284.34, 8.058], [285.47, 8.257]]
CLUSTERS-11:
[[293.27, 4.683], [294.38, 5.032], [295.47, 4.815], [296.56, 4.661], [297.67, 4.499], [298.77, 4.351], [299.88, 4.232], [300.97, 4.11], [302.06, 4.008], [303.17, 3.906], [304.39, 3.791], [305.48, 3.456], [306.59, 3.373], [307.69, 3.304], [308.8, 3.243], [309.89, 3.155], [311.0, 3.152], [312.09, 3.236], [313.2, 3.298], [314.3, 3.231], [315.41, 3.163], [316.5, 3.374], [317.61, 3.265], [318.7, 3.356], [319.81, 3.439], [320.91, 3.55], [322.03, 3.639], [323.11, 3.756], [324.22, 3.889]]
CLUSTERS-12:
[[325.19, 4.821], [326.3, 4.974], [327.41, 5.166], [328.5, 5.349], [329.61, 5.537]]
NEAREST OBJECT: [0.9392223297373062, 1.7175316646470502]
